itemset,support_count,support
i1,153,0.020397
i10,86,0.011465
i100,1306,0.174110
i101,47,0.006266
i102,53,0.007066
i103,160,0.021330
i104,58,0.007732
i105,29,0.003866
i106,228,0.030396
i107,106,0.014131
i108,513,0.068391
i109,61,0.008132
i110,469,0.062525
i111,193,0.025730
i113,124,0.016531
i114,70,0.009332
i115,221,0.029463
i116,439,0.058526
i117,86,0.011465
i118,205,0.027330
i119,71,0.009465
i12,253,0.033729
i13,65,0.008666
i14,44,0.005866
i15,654,0.087188
i16,226,0.030129
i17,608,0.081056
i18,73,0.009732
i19,115,0.015331
i2,67,0.008932
i20,36,0.004799
i21,193,0.025730
i22,351,0.046794
i23,450,0.059992
i24,46,0.006133
i25,1229,0.163845
i26,32,0.004266
i27,31,0.004133
i28,79,0.010532
i29,63,0.008399
i3,36,0.004799
i30,603,0.080389
i31,383,0.051060
i32,36,0.004799
i33,239,0.031862
i35,33,0.004399
i36,99,0.013198
i37,1348,0.179709
i38,203,0.027063
i39,200,0.026663
i4,250,0.033329
i40,595,0.079323
i41,90,0.011998
i42,68,0.009065
i43,1282,0.170911
i44,169,0.022530
i45,323,0.043061
i46,167,0.022264
i47,102,0.013598
i48,475,0.063325
i49,715,0.095321
i5,34,0.004533
i50,52,0.006932
i51,393,0.052393
i52,65,0.008666
i53,68,0.009065
i54,991,0.132116
i55,737,0.098254
i56,101,0.013465
i57,199,0.026530
i58,39,0.005199
i59,371,0.049460
i6,65,0.008666
i60,356,0.047460
i61,243,0.032396
i62,33,0.004399
i63,117,0.015598
i64,204,0.027196
i65,574,0.076523
i66,82,0.010932
i67,31,0.004133
i68,46,0.006133
i69,157,0.020931
i7,81,0.010799
i70,90,0.011998
i71,972,0.129583
i72,1788,0.238368
i73,131,0.017464
i74,42,0.005599
i75,181,0.024130
i76,143,0.019064
i78,78,0.010399
i79,33,0.004399
i8,107,0.014265
i80,173,0.023064
i81,494,0.065858
i82,713,0.095054
i83,149,0.019864
i84,118,0.015731
i85,199,0.026530
i86,49,0.006532
i87,45,0.005999
i88,139,0.018531
i89,211,0.028130
i9,69,0.009199
i90,141,0.018797
i91,37,0.004933
i92,319,0.042528
i93,69,0.009199
i94,34,0.004533
i95,58,0.007732
i96,37,0.004933
i97,536,0.071457
i98,47,0.006266
i99,379,0.050527
i1 i100,45,0.005999
i1 i15,39,0.005199
i1 i17,23,0.003066
i1 i25,45,0.005999
i1 i37,49,0.006532
i1 i43,33,0.004399
i1 i48,21,0.002800
i1 i49,23,0.003066
i1 i54,38,0.005066
i1 i55,29,0.003866
i1 i71,39,0.005199
i1 i72,57,0.007599
i1 i81,22,0.002933
i1 i82,23,0.003066
i10 i100,20,0.002666
i10 i43,32,0.004266
i10 i72,31,0.004133
i100 i103,31,0.004133
i100 i104,28,0.003733
i100 i106,56,0.007466
i100 i107,47,0.006266
i100 i108,157,0.020931
i100 i110,124,0.016531
i100 i111,42,0.005599
i100 i113,34,0.004533
i100 i115,66,0.008799
i100 i116,106,0.014131
i100 i118,29,0.003866
i100 i119,23,0.003066
i100 i12,55,0.007332
i100 i13,20,0.002666
i100 i15,161,0.021464
i100 i16,47,0.006266
i100 i17,136,0.018131
i100 i19,35,0.004666
i100 i21,50,0.006666
i100 i22,50,0.006666
i100 i23,129,0.017198
i100 i25,294,0.039195
i100 i30,60,0.007999
i100 i31,119,0.015865
i100 i33,52,0.006932
i100 i36,29,0.003866
i100 i37,274,0.036528
i100 i38,33,0.004399
i100 i39,32,0.004266
i100 i4,60,0.007999
i100 i40,105,0.013998
i100 i41,31,0.004133
i100 i43,207,0.027596
i100 i44,58,0.007732
i100 i45,68,0.009065
i100 i46,51,0.006799
i100 i47,28,0.003733
i100 i48,117,0.015598
i100 i49,209,0.027863
i100 i51,124,0.016531
i100 i52,26,0.003466
i100 i54,199,0.026530
i100 i55,294,0.039195
i100 i56,23,0.003066
i100 i57,69,0.009199
i100 i59,122,0.016264
i100 i6,24,0.003200
i100 i60,89,0.011865
i100 i61,65,0.008666
i100 i63,40,0.005333
i100 i64,29,0.003866
i100 i65,114,0.015198
i100 i69,48,0.006399
i100 i71,266,0.035462
i100 i72,448,0.059725
i100 i73,30,0.003999
i100 i75,27,0.003600
i100 i76,32,0.004266
i100 i78,25,0.003333
i100 i8,34,0.004533
i100 i80,43,0.005733
i100 i81,172,0.022930
i100 i82,189,0.025197
i100 i83,51,0.006799
i100 i85,74,0.009865
i100 i88,38,0.005066
i100 i89,77,0.010265
i100 i9,26,0.003466
i100 i90,38,0.005066
i100 i92,101,0.013465
i100 i97,159,0.021197
i100 i99,107,0.014265
i102 i72,20,0.002666
i103 i25,26,0.003466
i103 i37,28,0.003733
i103 i43,43,0.005733
i103 i54,26,0.003466
i103 i72,38,0.005066
i104 i72,24,0.003200
i106 i108,27,0.003600
i106 i110,24,0.003200
i106 i15,25,0.003333
i106 i17,29,0.003866
i106 i23,25,0.003333
i106 i25,44,0.005866
i106 i31,22,0.002933
i106 i37,38,0.005066
i106 i43,53,0.007066
i106 i45,32,0.004266
i106 i48,28,0.003733
i106 i49,37,0.004933
i106 i54,47,0.006266
i106 i55,27,0.003600
i106 i60,21,0.002800
i106 i65,27,0.003600
i106 i71,43,0.005733
i106 i72,72,0.009599
i106 i81,21,0.002800
i106 i82,37,0.004933
i106 i97,27,0.003600
i106 i99,21,0.002800
i107 i25,38,0.005066
i107 i37,20,0.002666
i107 i55,40,0.005333
i107 i71,22,0.002933
i107 i72,43,0.005733
i107 i81,21,0.002800
i108 i110,49,0.006532
i108 i111,24,0.003200
i108 i116,45,0.005999
i108 i12,22,0.002933
i108 i15,62,0.008266
i108 i16,23,0.003066
i108 i17,63,0.008399
i108 i22,20,0.002666
i108 i23,48,0.006399
i108 i25,105,0.013998
i108 i30,22,0.002933
i108 i31,50,0.006666
i108 i37,92,0.012265
i108 i4,26,0.003466
i108 i40,41,0.005466
i108 i43,90,0.011998
i108 i45,35,0.004666
i108 i46,21,0.002800
i108 i48,49,0.006532
i108 i49,121,0.016131
i108 i51,33,0.004399
i108 i54,92,0.012265
i108 i55,88,0.011732
i108 i59,33,0.004399
i108 i60,40,0.005333
i108 i61,20,0.002666
i108 i65,45,0.005999
i108 i69,29,0.003866
i108 i71,105,0.013998
i108 i72,183,0.024397
i108 i81,54,0.007199
i108 i82,74,0.009865
i108 i83,24,0.003200
i108 i92,37,0.004933
i108 i97,84,0.011199
i108 i99,52,0.006932
i110 i116,53,0.007066
i110 i15,80,0.010665
i110 i16,22,0.002933
i110 i17,52,0.006932
i110 i23,36,0.004799
i110 i25,85,0.011332
i110 i30,20,0.002666
i110 i31,43,0.005733
i110 i37,146,0.019464
i110 i4,28,0.003733
i110 i40,32,0.004266
i110 i43,80,0.010665
i110 i45,24,0.003200
i110 i48,31,0.004133
i110 i49,66,0.008799
i110 i51,37,0.004933
i110 i54,89,0.011865
i110 i55,69,0.009199
i110 i57,23,0.003066
i110 i59,36,0.004799
i110 i60,43,0.005733
i110 i65,38,0.005066
i110 i69,20,0.002666
i110 i71,85,0.011332
i110 i72,144,0.019197
i110 i81,40,0.005333
i110 i82,72,0.009599
i110 i85,29,0.003866
i110 i89,22,0.002933
i110 i92,31,0.004133
i110 i97,48,0.006399
i110 i99,37,0.004933
i111 i15,21,0.002800
i111 i25,36,0.004799
i111 i37,36,0.004799
i111 i40,21,0.002800
i111 i43,42,0.005599
i111 i48,25,0.003333
i111 i49,33,0.004399
i111 i54,38,0.005066
i111 i71,33,0.004399
i111 i72,59,0.007866
i111 i82,27,0.003600
i111 i92,21,0.002800
i111 i97,20,0.002666
i113 i25,26,0.003466
i113 i54,20,0.002666
i113 i71,26,0.003466
i113 i72,33,0.004399
i114 i72,26,0.003466
i115 i15,28,0.003733
i115 i17,27,0.003600
i115 i23,25,0.003333
i115 i25,47,0.006266
i115 i37,37,0.004933
i115 i43,41,0.005466
i115 i49,37,0.004933
i115 i54,39,0.005199
i115 i55,34,0.004533
i115 i59,28,0.003733
i115 i71,74,0.009865
i115 i72,72,0.009599
i115 i81,60,0.007999
i115 i82,35,0.004666
i115 i97,26,0.003466
i116 i15,67,0.008932
i116 i16,24,0.003200
i116 i17,58,0.007732
i116 i22,23,0.003066
i116 i23,41,0.005466
i116 i25,90,0.011998
i116 i30,30,0.003999
i116 i31,41,0.005466
i116 i37,82,0.010932
i116 i4,29,0.003866
i116 i40,39,0.005199
i116 i43,79,0.010532
i116 i45,28,0.003733
i116 i48,45,0.005999
i116 i49,68,0.009065
i116 i51,34,0.004533
i116 i54,68,0.009065
i116 i55,61,0.008132
i116 i57,32,0.004266
i116 i59,25,0.003333
i116 i60,29,0.003866
i116 i65,49,0.006532
i116 i71,89,0.011865
i116 i72,151,0.020131
i116 i81,26,0.003466
i116 i82,52,0.006932
i116 i92,21,0.002800
i116 i97,44,0.005866
i116 i99,27,0.003600
i117 i55,20,0.002666
i117 i72,27,0.003600
i118 i17,20,0.002666
i118 i25,33,0.004399
i118 i37,34,0.004533
i118 i43,38,0.005066
i118 i54,29,0.003866
i118 i71,24,0.003200
i118 i72,42,0.005599
i118 i82,27,0.003600
i119 i25,21,0.002800
i119 i72,26,0.003466
i12 i15,25,0.003333
i12 i17,41,0.005466
i12 i23,20,0.002666
i12 i25,37,0.004933
i12 i31,22,0.002933
i12 i33,26,0.003466
i12 i37,55,0.007332
i12 i39,20,0.002666
i12 i43,59,0.007866
i12 i48,20,0.002666
i12 i49,33,0.004399
i12 i54,50,0.006666
i12 i55,37,0.004933
i12 i60,20,0.002666
i12 i61,20,0.002666
i12 i65,24,0.003200
i12 i71,41,0.005466
i12 i72,72,0.009599
i12 i81,28,0.003733
i12 i82,41,0.005466
i12 i97,24,0.003200
i13 i72,20,0.002666
i15 i16,23,0.003066
i15 i17,86,0.011465
i15 i19,20,0.002666
i15 i21,26,0.003466
i15 i22,29,0.003866
i15 i23,47,0.006266
i15 i25,128,0.017064
i15 i30,42,0.005599
i15 i31,43,0.005733
i15 i33,25,0.003333
i15 i37,216,0.028796
i15 i38,21,0.002800
i15 i4,34,0.004533
i15 i40,53,0.007066
i15 i43,165,0.021997
i15 i44,31,0.004133
i15 i45,30,0.003999
i15 i46,27,0.003600
i15 i48,54,0.007199
i15 i49,79,0.010532
i15 i51,41,0.005466
i15 i54,131,0.017464
i15 i55,90,0.011998
i15 i57,42,0.005599
i15 i59,31,0.004133
i15 i60,47,0.006266
i15 i61,29,0.003866
i15 i64,25,0.003333
i15 i65,50,0.006666
i15 i71,134,0.017864
i15 i72,183,0.024397
i15 i80,20,0.002666
i15 i81,48,0.006399
i15 i82,79,0.010532
i15 i89,28,0.003733
i15 i92,34,0.004533
i15 i97,66,0.008799
i15 i99,47,0.006266
i16 i17,22,0.002933
i16 i23,32,0.004266
i16 i25,62,0.008266
i16 i31,23,0.003066
i16 i37,46,0.006133
i16 i43,46,0.006133
i16 i49,29,0.003866
i16 i51,23,0.003066
i16 i54,55,0.007332
i16 i55,29,0.003866
i16 i65,33,0.004399
i16 i71,46,0.006133
i16 i72,23,0.003066
i16 i82,31,0.004133
i16 i97,28,0.003733
i17 i21,23,0.003066
i17 i23,49,0.006532
i17 i25,102,0.013598
i17 i30,30,0.003999
i17 i31,37,0.004933
i17 i33,33,0.004399
i17 i37,143,0.019064
i17 i38,24,0.003200
i17 i39,27,0.003600
i17 i4,32,0.004266
i17 i40,31,0.004133
i17 i43,134,0.017864
i17 i45,33,0.004399
i17 i46,28,0.003733
i17 i48,48,0.006399
i17 i49,77,0.010265
i17 i51,36,0.004799
i17 i54,106,0.014131
i17 i55,61,0.008132
i17 i57,20,0.002666
i17 i59,34,0.004533
i17 i60,33,0.004399
i17 i61,27,0.003600
i17 i65,52,0.006932
i17 i71,100,0.013332
i17 i72,206,0.027463
i17 i81,49,0.006532
i17 i82,89,0.011865
i17 i83,23,0.003066
i17 i89,24,0.003200
i17 i92,28,0.003733
i17 i97,57,0.007599
i17 i99,46,0.006133
i19 i25,26,0.003466
i19 i37,22,0.002933
i19 i49,20,0.002666
i19 i54,27,0.003600
i19 i71,22,0.002933
i19 i72,40,0.005333
i2 i72,20,0.002666
i21 i23,20,0.002666
i21 i25,42,0.005599
i21 i31,22,0.002933
i21 i37,28,0.003733
i21 i43,36,0.004799
i21 i45,21,0.002800
i21 i49,32,0.004266
i21 i54,49,0.006532
i21 i55,34,0.004533
i21 i59,24,0.003200
i21 i65,20,0.002666
i21 i71,53,0.007066
i21 i72,77,0.010265
i21 i81,22,0.002933
i21 i82,35,0.004666
i21 i97,24,0.003200
i22 i25,87,0.011598
i22 i30,28,0.003733
i22 i37,50,0.006666
i22 i40,30,0.003999
i22 i43,70,0.009332
i22 i45,20,0.002666
i22 i48,35,0.004666
i22 i49,36,0.004799
i22 i54,62,0.008266
i22 i55,30,0.003999
i22 i65,24,0.003200
i22 i71,40,0.005333
i22 i72,56,0.007466
i22 i82,38,0.005066
i23 i25,110,0.014665
i23 i31,51,0.006799
i23 i33,24,0.003200
i23 i37,108,0.014398
i23 i4,20,0.002666
i23 i40,27,0.003600
i23 i41,21,0.002800
i23 i43,83,0.011065
i23 i45,39,0.005199
i23 i46,20,0.002666
i23 i48,50,0.006666
i23 i49,67,0.008932
i23 i51,32,0.004266
i23 i54,89,0.011865
i23 i55,71,0.009465
i23 i57,20,0.002666
i23 i59,37,0.004933
i23 i60,31,0.004133
i23 i61,23,0.003066
i23 i63,34,0.004533
i23 i65,33,0.004399
i23 i69,24,0.003200
i23 i71,111,0.014798
i23 i72,171,0.022797
i23 i80,20,0.002666
i23 i81,54,0.007199
i23 i82,68,0.009065
i23 i92,30,0.003999
i23 i97,47,0.006266
i23 i99,45,0.005999
i25 i30,78,0.010399
i25 i31,102,0.013598
i25 i33,37,0.004933
i25 i37,249,0.033196
i25 i38,30,0.003999
i25 i39,26,0.003466
i25 i4,53,0.007066
i25 i40,132,0.017598
i25 i43,258,0.034395
i25 i44,39,0.005199
i25 i45,71,0.009465
i25 i46,36,0.004799
i25 i47,23,0.003066
i25 i48,112,0.014931
i25 i49,172,0.022930
i25 i51,82,0.010932
i25 i54,176,0.023464
i25 i55,173,0.023064
i25 i57,47,0.006266
i25 i59,68,0.009065
i25 i60,60,0.007999
i25 i61,41,0.005466
i25 i63,27,0.003600
i25 i64,38,0.005066
i25 i65,111,0.014798
i25 i71,241,0.032129
i25 i72,395,0.052660
i25 i73,25,0.003333
i25 i75,30,0.003999
i25 i76,33,0.004399
i25 i8,21,0.002800
i25 i80,46,0.006133
i25 i81,123,0.016398
i25 i82,149,0.019864
i25 i83,32,0.004266
i25 i85,48,0.006399
i25 i88,23,0.003066
i25 i89,37,0.004933
i25 i90,40,0.005333
i25 i92,80,0.010665
i25 i97,135,0.017998
i25 i99,76,0.010132
i28 i37,32,0.004266
i28 i43,22,0.002933
i28 i71,25,0.003333
i28 i72,20,0.002666
i29 i72,20,0.002666
i30 i37,79,0.010532
i30 i43,100,0.013332
i30 i45,20,0.002666
i30 i48,23,0.003066
i30 i51,21,0.002800
i30 i54,90,0.011998
i30 i55,33,0.004399
i30 i65,40,0.005333
i30 i71,33,0.004399
i30 i72,56,0.007466
i30 i82,39,0.005199
i30 i97,31,0.004133
i31 i37,88,0.011732
i31 i40,40,0.005333
i31 i43,59,0.007866
i31 i45,22,0.002933
i31 i48,36,0.004799
i31 i49,51,0.006799
i31 i51,43,0.005733
i31 i54,53,0.007066
i31 i55,63,0.008399
i31 i59,40,0.005333
i31 i60,25,0.003333
i31 i63,21,0.002800
i31 i65,49,0.006532
i31 i71,86,0.011465
i31 i72,151,0.020131
i31 i80,20,0.002666
i31 i81,38,0.005066
i31 i82,59,0.007866
i31 i92,29,0.003866
i31 i97,45,0.005999
i31 i99,40,0.005333
i33 i37,42,0.005599
i33 i43,44,0.005866
i33 i45,20,0.002666
i33 i48,37,0.004933
i33 i49,31,0.004133
i33 i54,48,0.006399
i33 i55,23,0.003066
i33 i60,21,0.002800
i33 i65,20,0.002666
i33 i71,35,0.004666
i33 i72,72,0.009599
i33 i81,26,0.003466
i33 i82,39,0.005199
i33 i97,20,0.002666
i36 i37,27,0.003600
i36 i54,20,0.002666
i36 i72,28,0.003733
i37 i38,39,0.005199
i37 i39,37,0.004933
i37 i4,42,0.005599
i37 i40,83,0.011065
i37 i43,273,0.036395
i37 i44,45,0.005999
i37 i45,65,0.008666
i37 i46,44,0.005866
i37 i47,30,0.003999
i37 i48,83,0.011065
i37 i49,163,0.021730
i37 i51,68,0.009065
i37 i54,191,0.025463
i37 i55,150,0.019997
i37 i56,20,0.002666
i37 i57,47,0.006266
i37 i59,94,0.012532
i37 i6,22,0.002933
i37 i60,43,0.005733
i37 i61,27,0.003600
i37 i63,25,0.003333
i37 i64,41,0.005466
i37 i65,126,0.016798
i37 i69,33,0.004399
i37 i7,27,0.003600
i37 i71,231,0.030796
i37 i72,382,0.050927
i37 i73,22,0.002933
i37 i75,26,0.003466
i37 i76,26,0.003466
i37 i8,37,0.004933
i37 i80,26,0.003466
i37 i81,90,0.011998
i37 i82,163,0.021730
i37 i83,34,0.004533
i37 i84,21,0.002800
i37 i85,35,0.004666
i37 i88,25,0.003333
i37 i89,53,0.007066
i37 i90,23,0.003066
i37 i92,62,0.008266
i37 i97,106,0.014131
i37 i99,68,0.009065
i38 i43,36,0.004799
i38 i49,31,0.004133
i38 i54,23,0.003066
i38 i55,20,0.002666
i38 i71,41,0.005466
i38 i72,51,0.006799
i38 i82,20,0.002666
i39 i43,46,0.006133
i39 i49,21,0.002800
i39 i54,30,0.003999
i39 i71,25,0.003333
i39 i72,42,0.005599
i39 i82,28,0.003733
i39 i97,21,0.002800
i4 i43,60,0.007999
i4 i48,38,0.005066
i4 i49,35,0.004666
i4 i54,47,0.006266
i4 i55,28,0.003733
i4 i60,24,0.003200
i4 i71,56,0.007466
i4 i72,87,0.011598
i4 i81,26,0.003466
i4 i82,33,0.004399
i4 i97,23,0.003066
i4 i99,33,0.004399
i40 i43,123,0.016398
i40 i45,27,0.003600
i40 i48,41,0.005466
i40 i49,57,0.007599
i40 i51,36,0.004799
i40 i54,67,0.008932
i40 i55,62,0.008266
i40 i59,27,0.003600
i40 i60,29,0.003866
i40 i61,20,0.002666
i40 i65,35,0.004666
i40 i71,58,0.007732
i40 i72,128,0.017064
i40 i76,43,0.005733
i40 i82,44,0.005866
i40 i84,44,0.005866
i40 i85,23,0.003066
i40 i92,25,0.003333
i40 i97,32,0.004266
i40 i99,26,0.003466
i41 i72,43,0.005733
i41 i81,20,0.002666
i42 i54,23,0.003066
i43 i44,28,0.003733
i43 i45,62,0.008266
i43 i46,29,0.003866
i43 i47,28,0.003733
i43 i48,109,0.014531
i43 i49,143,0.019064
i43 i51,78,0.010399
i43 i52,20,0.002666
i43 i54,214,0.028530
i43 i55,104,0.013865
i43 i56,20,0.002666
i43 i57,42,0.005599
i43 i59,52,0.006932
i43 i60,67,0.008932
i43 i61,55,0.007332
i43 i64,55,0.007332
i43 i65,100,0.013332
i43 i69,23,0.003066
i43 i71,178,0.023730
i43 i72,253,0.033729
i43 i75,40,0.005333
i43 i76,35,0.004666
i43 i80,30,0.003999
i43 i81,69,0.009199
i43 i82,151,0.020131
i43 i83,22,0.002933
i43 i84,23,0.003066
i43 i85,29,0.003866
i43 i88,26,0.003466
i43 i89,40,0.005333
i43 i90,36,0.004799
i43 i92,44,0.005866
i43 i95,20,0.002666
i43 i97,75,0.009999
i43 i99,57,0.007599
i44 i45,21,0.002800
i44 i48,21,0.002800
i44 i49,24,0.003200
i44 i54,27,0.003600
i44 i55,29,0.003866
i44 i71,37,0.004933
i44 i72,62,0.008266
i44 i81,26,0.003466
i44 i82,31,0.004133
i45 i48,32,0.004266
i45 i49,51,0.006799
i45 i51,23,0.003066
i45 i54,48,0.006399
i45 i55,46,0.006133
i45 i59,23,0.003066
i45 i60,20,0.002666
i45 i61,22,0.002933
i45 i65,32,0.004266
i45 i71,69,0.009199
i45 i72,100,0.013332
i45 i81,38,0.005066
i45 i82,40,0.005333
i45 i92,21,0.002800
i45 i97,39,0.005199
i45 i99,20,0.002666
i46 i48,22,0.002933
i46 i49,31,0.004133
i46 i54,24,0.003200
i46 i60,30,0.003999
i46 i71,36,0.004799
i46 i72,66,0.008799
i46 i81,28,0.003733
i46 i82,38,0.005066
i47 i49,20,0.002666
i47 i60,25,0.003333
i47 i72,34,0.004533
i48 i49,75,0.009999
i48 i51,24,0.003200
i48 i54,84,0.011199
i48 i55,57,0.007599
i48 i57,21,0.002800
i48 i59,28,0.003733
i48 i60,44,0.005866
i48 i61,36,0.004799
i48 i64,24,0.003200
i48 i65,55,0.007332
i48 i71,107,0.014265
i48 i72,152,0.020264
i48 i80,21,0.002800
i48 i81,52,0.006932
i48 i82,68,0.009065
i48 i85,22,0.002933
i48 i92,38,0.005066
i48 i97,55,0.007332
i49 i51,51,0.006799
i49 i54,108,0.014398
i49 i55,127,0.016931
i49 i57,22,0.002933
i49 i59,45,0.005999
i49 i60,57,0.007599
i49 i61,30,0.003999
i49 i64,33,0.004399
i49 i65,76,0.010132
i49 i69,23,0.003066
i49 i71,177,0.023597
i49 i72,268,0.035729
i49 i75,27,0.003600
i49 i81,85,0.011332
i49 i82,101,0.013465
i49 i83,41,0.005466
i49 i85,21,0.002800
i49 i92,47,0.006266
i49 i97,125,0.016664
i49 i99,60,0.007999
i51 i54,59,0.007866
i51 i55,85,0.011332
i51 i59,49,0.006532
i51 i60,31,0.004133
i51 i65,42,0.005599
i51 i71,59,0.007866
i51 i72,131,0.017464
i51 i81,47,0.006266
i51 i82,52,0.006932
i51 i92,39,0.005199
i51 i97,33,0.004399
i51 i99,22,0.002933
i53 i72,24,0.003200
i54 i55,111,0.014798
i54 i56,24,0.003200
i54 i57,37,0.004933
i54 i59,48,0.006399
i54 i60,70,0.009332
i54 i61,50,0.006666
i54 i64,33,0.004399
i54 i65,57,0.007599
i54 i66,22,0.002933
i54 i69,26,0.003466
i54 i71,132,0.017598
i54 i72,233,0.031063
i54 i73,22,0.002933
i54 i75,20,0.002666
i54 i76,27,0.003600
i54 i8,22,0.002933
i54 i80,31,0.004133
i54 i81,75,0.009999
i54 i82,123,0.016398
i54 i83,20,0.002666
i54 i85,39,0.005199
i54 i88,22,0.002933
i54 i89,35,0.004666
i54 i90,25,0.003333
i54 i92,44,0.005866
i54 i97,86,0.011465
i54 i99,53,0.007066
i55 i57,37,0.004933
i55 i59,120,0.015998
i55 i60,51,0.006799
i55 i61,29,0.003866
i55 i63,25,0.003333
i55 i64,20,0.002666
i55 i65,72,0.009599
i55 i69,24,0.003200
i55 i71,165,0.021997
i55 i72,307,0.040928
i55 i80,29,0.003866
i55 i81,106,0.014131
i55 i82,109,0.014531
i55 i83,27,0.003600
i55 i85,49,0.006532
i55 i88,27,0.003600
i55 i89,36,0.004799
i55 i90,33,0.004399
i55 i92,67,0.008932
i55 i97,86,0.011465
i55 i99,73,0.009732
i56 i72,37,0.004933
i57 i65,22,0.002933
i57 i71,37,0.004933
i57 i72,69,0.009199
i57 i81,27,0.003600
i57 i82,34,0.004533
i57 i97,20,0.002666
i59 i60,24,0.003200
i59 i65,44,0.005866
i59 i71,69,0.009199
i59 i72,128,0.017064
i59 i81,38,0.005066
i59 i82,55,0.007332
i59 i90,22,0.002933
i59 i92,29,0.003866
i59 i97,53,0.007066
i59 i99,27,0.003600
i6 i72,23,0.003066
i60 i65,30,0.003999
i60 i71,58,0.007732
i60 i72,113,0.015065
i60 i81,36,0.004799
i60 i82,50,0.006666
i60 i92,26,0.003466
i60 i97,33,0.004399
i60 i99,24,0.003200
i61 i71,33,0.004399
i61 i72,69,0.009199
i61 i81,23,0.003066
i61 i82,32,0.004266
i63 i71,30,0.003999
i63 i72,55,0.007332
i63 i81,24,0.003200
i63 i82,26,0.003466
i64 i71,26,0.003466
i64 i72,47,0.006266
i64 i82,41,0.005466
i65 i71,99,0.013198
i65 i72,180,0.023997
i65 i80,20,0.002666
i65 i81,51,0.006799
i65 i82,71,0.009465
i65 i85,21,0.002800
i65 i92,29,0.003866
i65 i97,47,0.006266
i65 i99,43,0.005733
i66 i72,28,0.003733
i68 i72,22,0.002933
i69 i71,41,0.005466
i69 i72,58,0.007732
i69 i97,20,0.002666
i7 i72,29,0.003866
i70 i72,21,0.002800
i71 i72,360,0.047994
i71 i73,24,0.003200
i71 i75,23,0.003066
i71 i78,20,0.002666
i71 i8,32,0.004266
i71 i80,31,0.004133
i71 i81,128,0.017064
i71 i82,124,0.016531
i71 i83,29,0.003866
i71 i85,38,0.005066
i71 i88,22,0.002933
i71 i89,30,0.003999
i71 i90,21,0.002800
i71 i92,73,0.009732
i71 i97,132,0.017598
i71 i99,114,0.015198
i72 i73,44,0.005866
i72 i75,33,0.004399
i72 i76,22,0.002933
i72 i78,38,0.005066
i72 i8,40,0.005333
i72 i80,55,0.007332
i72 i81,207,0.027596
i72 i82,253,0.033729
i72 i83,35,0.004666
i72 i85,62,0.008266
i72 i88,58,0.007732
i72 i89,82,0.010932
i72 i9,27,0.003600
i72 i90,58,0.007732
i72 i92,128,0.017064
i72 i97,177,0.023597
i72 i99,173,0.023064
i76 i84,20,0.002666
i80 i81,21,0.002800
i80 i82,28,0.003733
i80 i97,26,0.003466
i81 i82,81,0.010799
i81 i85,24,0.003200
i81 i92,43,0.005733
i81 i97,61,0.008132
i81 i99,67,0.008932
i82 i83,20,0.002666
i82 i85,36,0.004799
i82 i89,26,0.003466
i82 i92,32,0.004266
i82 i97,79,0.010532
i82 i99,51,0.006799
i83 i97,25,0.003333
i84 i97,38,0.005066
i85 i97,26,0.003466
i92 i97,35,0.004666
i92 i99,24,0.003200
i97 i99,42,0.005599
i100 i106 i72,22,0.002933
i100 i107 i25,21,0.002800
i100 i107 i55,23,0.003066
i100 i108 i110,22,0.002933
i100 i108 i116,23,0.003066
i100 i108 i17,26,0.003466
i100 i108 i23,22,0.002933
i100 i108 i25,37,0.004933
i100 i108 i37,27,0.003600
i100 i108 i43,27,0.003600
i100 i108 i48,21,0.002800
i100 i108 i49,50,0.006666
i100 i108 i54,27,0.003600
i100 i108 i55,42,0.005599
i100 i108 i71,44,0.005866
i100 i108 i72,70,0.009332
i100 i108 i81,33,0.004399
i100 i108 i82,25,0.003333
i100 i108 i97,30,0.003999
i100 i110 i15,24,0.003200
i100 i110 i25,26,0.003466
i100 i110 i37,39,0.005199
i100 i110 i43,22,0.002933
i100 i110 i49,22,0.002933
i100 i110 i54,23,0.003066
i100 i110 i55,22,0.002933
i100 i110 i71,36,0.004799
i100 i110 i72,48,0.006399
i100 i110 i81,20,0.002666
i100 i110 i82,28,0.003733
i100 i115 i71,30,0.003999
i100 i115 i72,27,0.003600
i100 i116 i15,23,0.003066
i100 i116 i25,31,0.004133
i100 i116 i37,21,0.002800
i100 i116 i43,24,0.003200
i100 i116 i49,24,0.003200
i100 i116 i55,22,0.002933
i100 i116 i71,28,0.003733
i100 i116 i72,47,0.006266
i100 i12 i72,20,0.002666
i100 i15 i17,20,0.002666
i100 i15 i25,48,0.006399
i100 i15 i37,54,0.007199
i100 i15 i43,42,0.005599
i100 i15 i49,27,0.003600
i100 i15 i54,36,0.004799
i100 i15 i55,41,0.005466
i100 i15 i65,20,0.002666
i100 i15 i71,48,0.006399
i100 i15 i72,49,0.006532
i100 i15 i81,21,0.002800
i100 i15 i82,33,0.004399
i100 i15 i97,21,0.002800
i100 i17 i25,39,0.005199
i100 i17 i37,36,0.004799
i100 i17 i43,27,0.003600
i100 i17 i49,25,0.003333
i100 i17 i54,22,0.002933
i100 i17 i55,28,0.003733
i100 i17 i71,31,0.004133
i100 i17 i72,53,0.007066
i100 i17 i81,23,0.003066
i100 i17 i82,31,0.004133
i100 i21 i55,23,0.003066
i100 i21 i71,20,0.002666
i100 i21 i72,26,0.003466
i100 i22 i72,20,0.002666
i100 i23 i25,32,0.004266
i100 i23 i37,31,0.004133
i100 i23 i43,29,0.003866
i100 i23 i49,23,0.003066
i100 i23 i54,25,0.003333
i100 i23 i55,36,0.004799
i100 i23 i71,41,0.005466
i100 i23 i72,52,0.006932
i100 i23 i81,26,0.003466
i100 i23 i82,24,0.003200
i100 i23 i97,21,0.002800
i100 i23 i99,20,0.002666
i100 i25 i30,23,0.003066
i100 i25 i31,33,0.004399
i100 i25 i37,79,0.010532
i100 i25 i40,33,0.004399
i100 i25 i43,60,0.007999
i100 i25 i45,21,0.002800
i100 i25 i48,35,0.004666
i100 i25 i49,59,0.007866
i100 i25 i51,23,0.003066
i100 i25 i54,53,0.007066
i100 i25 i55,69,0.009199
i100 i25 i57,21,0.002800
i100 i25 i59,20,0.002666
i100 i25 i65,28,0.003733
i100 i25 i71,82,0.010932
i100 i25 i72,119,0.015865
i100 i25 i81,53,0.007066
i100 i25 i82,51,0.006799
i100 i25 i89,21,0.002800
i100 i25 i92,30,0.003999
i100 i25 i97,48,0.006399
i100 i25 i99,23,0.003066
i100 i31 i37,31,0.004133
i100 i31 i55,36,0.004799
i100 i31 i71,26,0.003466
i100 i31 i72,57,0.007599
i100 i31 i82,22,0.002933
i100 i33 i72,25,0.003333
i100 i37 i40,20,0.002666
i100 i37 i43,60,0.007999
i100 i37 i44,22,0.002933
i100 i37 i48,20,0.002666
i100 i37 i49,43,0.005733
i100 i37 i51,32,0.004266
i100 i37 i54,43,0.005733
i100 i37 i55,67,0.008932
i100 i37 i57,20,0.002666
i100 i37 i59,36,0.004799
i100 i37 i65,28,0.003733
i100 i37 i71,67,0.008932
i100 i37 i72,107,0.014265
i100 i37 i81,38,0.005066
i100 i37 i82,50,0.006666
i100 i37 i89,28,0.003733
i100 i37 i92,24,0.003200
i100 i37 i97,30,0.003999
i100 i37 i99,24,0.003200
i100 i4 i71,25,0.003333
i100 i4 i72,22,0.002933
i100 i40 i43,26,0.003466
i100 i40 i55,25,0.003333
i100 i40 i72,36,0.004799
i100 i40 i82,20,0.002666
i100 i43 i48,20,0.002666
i100 i43 i49,40,0.005333
i100 i43 i51,22,0.002933
i100 i43 i54,40,0.005333
i100 i43 i55,42,0.005599
i100 i43 i60,20,0.002666
i100 i43 i65,27,0.003600
i100 i43 i71,48,0.006399
i100 i43 i72,76,0.010132
i100 i43 i81,26,0.003466
i100 i43 i82,43,0.005733
i100 i44 i72,25,0.003333
i100 i45 i72,27,0.003600
i100 i46 i72,22,0.002933
i100 i48 i49,31,0.004133
i100 i48 i54,22,0.002933
i100 i48 i55,23,0.003066
i100 i48 i71,42,0.005599
i100 i48 i72,51,0.006799
i100 i48 i82,27,0.003600
i100 i48 i97,21,0.002800
i100 i49 i54,32,0.004266
i100 i49 i55,65,0.008666
i100 i49 i65,20,0.002666
i100 i49 i71,62,0.008266
i100 i49 i72,90,0.011998
i100 i49 i81,43,0.005733
i100 i49 i82,33,0.004399
i100 i49 i97,45,0.005999
i100 i49 i99,27,0.003600
i100 i51 i54,24,0.003200
i100 i51 i55,40,0.005333
i100 i51 i59,23,0.003066
i100 i51 i71,27,0.003600
i100 i51 i72,47,0.006266
i100 i51 i82,23,0.003066
i100 i54 i55,48,0.006399
i100 i54 i71,39,0.005199
i100 i54 i72,62,0.008266
i100 i54 i81,34,0.004533
i100 i54 i82,37,0.004933
i100 i55 i59,48,0.006399
i100 i55 i60,20,0.002666
i100 i55 i65,30,0.003999
i100 i55 i71,73,0.009732
i100 i55 i72,128,0.017064
i100 i55 i81,46,0.006133
i100 i55 i82,48,0.006399
i100 i55 i85,25,0.003333
i100 i55 i92,29,0.003866
i100 i55 i97,45,0.005999
i100 i55 i99,29,0.003866
i100 i57 i72,28,0.003733
i100 i59 i65,20,0.002666
i100 i59 i71,24,0.003200
i100 i59 i72,45,0.005999
i100 i59 i81,20,0.002666
i100 i59 i82,27,0.003600
i100 i60 i72,25,0.003333
i100 i61 i72,28,0.003733
i100 i63 i72,24,0.003200
i100 i65 i71,33,0.004399
i100 i65 i72,42,0.005599
i100 i65 i82,25,0.003333
i100 i71 i72,118,0.015731
i100 i71 i81,54,0.007199
i100 i71 i82,37,0.004933
i100 i71 i92,26,0.003466
i100 i71 i97,37,0.004933
i100 i71 i99,34,0.004533
i100 i72 i81,77,0.010265
i100 i72 i82,86,0.011465
i100 i72 i85,22,0.002933
i100 i72 i89,30,0.003999
i100 i72 i90,20,0.002666
i100 i72 i92,51,0.006799
i100 i72 i97,64,0.008532
i100 i72 i99,56,0.007466
i100 i81 i82,38,0.005066
i100 i81 i97,27,0.003600
i100 i81 i99,22,0.002933
i100 i82 i97,28,0.003733
i100 i82 i99,22,0.002933
i106 i54 i72,20,0.002666
i107 i55 i72,20,0.002666
i108 i15 i72,25,0.003333
i108 i17 i49,23,0.003066
i108 i17 i72,25,0.003333
i108 i23 i72,24,0.003200
i108 i25 i43,26,0.003466
i108 i25 i49,26,0.003466
i108 i25 i54,22,0.002933
i108 i25 i71,27,0.003600
i108 i25 i72,43,0.005733
i108 i25 i97,20,0.002666
i108 i31 i72,20,0.002666
i108 i37 i43,25,0.003333
i108 i37 i49,23,0.003066
i108 i37 i71,21,0.002800
i108 i37 i72,38,0.005066
i108 i43 i49,24,0.003200
i108 i43 i71,21,0.002800
i108 i43 i72,27,0.003600
i108 i49 i54,25,0.003333
i108 i49 i55,24,0.003200
i108 i49 i71,31,0.004133
i108 i49 i72,44,0.005866
i108 i49 i97,30,0.003999
i108 i54 i55,23,0.003066
i108 i54 i72,24,0.003200
i108 i55 i71,22,0.002933
i108 i55 i72,41,0.005466
i108 i71 i72,49,0.006532
i108 i71 i99,23,0.003066
i108 i72 i81,31,0.004133
i108 i72 i82,35,0.004666
i108 i72 i97,22,0.002933
i108 i72 i99,28,0.003733
i110 i15 i25,23,0.003066
i110 i15 i37,29,0.003866
i110 i15 i43,20,0.002666
i110 i15 i71,24,0.003200
i110 i15 i72,26,0.003466
i110 i17 i37,24,0.003200
i110 i17 i72,22,0.002933
i110 i25 i37,27,0.003600
i110 i25 i71,26,0.003466
i110 i25 i72,31,0.004133
i110 i37 i43,29,0.003866
i110 i37 i54,29,0.003866
i110 i37 i71,29,0.003866
i110 i37 i72,42,0.005599
i110 i37 i82,22,0.002933
i110 i43 i72,22,0.002933
i110 i49 i71,20,0.002666
i110 i49 i72,33,0.004399
i110 i54 i72,25,0.003333
i110 i55 i71,25,0.003333
i110 i55 i72,29,0.003866
i110 i71 i72,46,0.006133
i110 i72 i82,25,0.003333
i115 i71 i72,22,0.002933
i115 i72 i81,29,0.003866
i116 i15 i25,22,0.002933
i116 i15 i71,23,0.003066
i116 i15 i72,27,0.003600
i116 i17 i72,27,0.003600
i116 i25 i37,20,0.002666
i116 i25 i71,22,0.002933
i116 i25 i72,29,0.003866
i116 i37 i72,29,0.003866
i116 i43 i54,20,0.002666
i116 i43 i72,23,0.003066
i116 i49 i71,23,0.003066
i116 i49 i72,33,0.004399
i116 i54 i72,20,0.002666
i116 i55 i71,21,0.002800
i116 i55 i72,29,0.003866
i116 i65 i72,22,0.002933
i116 i71 i72,38,0.005066
i116 i72 i82,31,0.004133
i12 i37 i72,27,0.003600
i15 i17 i25,23,0.003066
i15 i17 i37,26,0.003466
i15 i17 i43,21,0.002800
i15 i17 i71,28,0.003733
i15 i17 i72,36,0.004799
i15 i25 i37,41,0.005466
i15 i25 i43,36,0.004799
i15 i25 i49,25,0.003333
i15 i25 i54,26,0.003466
i15 i25 i55,23,0.003066
i15 i25 i71,41,0.005466
i15 i25 i72,43,0.005733
i15 i25 i82,23,0.003066
i15 i25 i97,23,0.003066
i15 i30 i37,20,0.002666
i15 i30 i54,20,0.002666
i15 i37 i43,68,0.009065
i15 i37 i49,21,0.002800
i15 i37 i54,45,0.005999
i15 i37 i55,30,0.003999
i15 i37 i71,40,0.005333
i15 i37 i72,59,0.007866
i15 i37 i82,31,0.004133
i15 i43 i49,20,0.002666
i15 i43 i54,41,0.005466
i15 i43 i71,42,0.005599
i15 i43 i72,39,0.005199
i15 i43 i82,24,0.003200
i15 i48 i72,24,0.003200
i15 i49 i71,22,0.002933
i15 i49 i72,37,0.004933
i15 i54 i71,28,0.003733
i15 i54 i72,26,0.003466
i15 i55 i71,31,0.004133
i15 i55 i72,40,0.005333
i15 i71 i72,52,0.006932
i15 i71 i97,22,0.002933
i15 i72 i81,25,0.003333
i15 i72 i82,28,0.003733
i15 i72 i97,25,0.003333
i16 i25 i43,20,0.002666
i17 i23 i72,23,0.003066
i17 i25 i37,32,0.004266
i17 i25 i43,26,0.003466
i17 i25 i71,23,0.003066
i17 i25 i72,42,0.005599
i17 i25 i81,21,0.002800
i17 i25 i82,21,0.002800
i17 i37 i43,34,0.004533
i17 i37 i54,25,0.003333
i17 i37 i71,31,0.004133
i17 i37 i72,54,0.007199
i17 i37 i82,24,0.003200
i17 i37 i97,20,0.002666
i17 i43 i54,33,0.004399
i17 i43 i71,26,0.003466
i17 i43 i72,48,0.006399
i17 i43 i82,20,0.002666
i17 i48 i72,24,0.003200
i17 i49 i71,21,0.002800
i17 i49 i72,36,0.004799
i17 i54 i72,31,0.004133
i17 i54 i82,23,0.003066
i17 i55 i72,26,0.003466
i17 i65 i72,22,0.002933
i17 i71 i72,48,0.006399
i17 i72 i81,24,0.003200
i17 i72 i82,31,0.004133
i17 i72 i97,22,0.002933
i17 i72 i99,24,0.003200
i21 i25 i72,20,0.002666
i21 i71 i72,27,0.003600
i23 i25 i37,23,0.003066
i23 i25 i43,28,0.003733
i23 i25 i49,20,0.002666
i23 i25 i54,30,0.003999
i23 i25 i55,21,0.002800
i23 i25 i71,34,0.004533
i23 i25 i72,57,0.007599
i23 i37 i43,24,0.003200
i23 i37 i49,20,0.002666
i23 i37 i71,31,0.004133
i23 i37 i72,39,0.005199
i23 i43 i71,25,0.003333
i23 i43 i72,32,0.004266
i23 i45 i72,20,0.002666
i23 i48 i71,20,0.002666
i23 i48 i72,20,0.002666
i23 i49 i71,22,0.002933
i23 i49 i72,28,0.003733
i23 i54 i72,29,0.003866
i23 i55 i71,29,0.003866
i23 i55 i72,29,0.003866
i23 i71 i72,50,0.006666
i23 i71 i81,27,0.003600
i23 i71 i82,23,0.003066
i23 i71 i99,20,0.002666
i23 i72 i81,27,0.003600
i23 i72 i82,36,0.004799
i23 i72 i97,22,0.002933
i23 i72 i99,24,0.003200
i25 i30 i43,30,0.003999
i25 i30 i54,20,0.002666
i25 i31 i37,34,0.004533
i25 i31 i43,21,0.002800
i25 i31 i71,33,0.004399
i25 i31 i72,43,0.005733
i25 i37 i40,25,0.003333
i25 i37 i43,63,0.008399
i25 i37 i48,21,0.002800
i25 i37 i49,43,0.005733
i25 i37 i54,41,0.005466
i25 i37 i55,49,0.006532
i25 i37 i59,22,0.002933
i25 i37 i65,25,0.003333
i25 i37 i71,69,0.009199
i25 i37 i72,101,0.013465
i25 i37 i81,30,0.003999
i25 i37 i82,42,0.005599
i25 i37 i97,29,0.003866
i25 i37 i99,20,0.002666
i25 i4 i72,23,0.003066
i25 i40 i43,39,0.005199
i25 i40 i54,21,0.002800
i25 i40 i55,21,0.002800
i25 i40 i71,23,0.003066
i25 i40 i72,42,0.005599
i25 i43 i48,27,0.003600
i25 i43 i49,42,0.005599
i25 i43 i51,24,0.003200
i25 i43 i54,39,0.005199
i25 i43 i55,25,0.003333
i25 i43 i65,30,0.003999
i25 i43 i71,55,0.007332
i25 i43 i72,64,0.008532
i25 i43 i81,23,0.003066
i25 i43 i82,41,0.005466
i25 i43 i97,25,0.003333
i25 i45 i72,30,0.003999
i25 i48 i71,31,0.004133
i25 i48 i72,38,0.005066
i25 i49 i54,23,0.003066
i25 i49 i55,43,0.005733
i25 i49 i71,60,0.007999
i25 i49 i72,73,0.009732
i25 i49 i81,30,0.003999
i25 i49 i82,24,0.003200
i25 i49 i97,40,0.005333
i25 i51 i72,30,0.003999
i25 i54 i55,25,0.003333
i25 i54 i71,35,0.004666
i25 i54 i72,52,0.006932
i25 i54 i81,21,0.002800
i25 i54 i82,32,0.004266
i25 i55 i59,30,0.003999
i25 i55 i71,46,0.006133
i25 i55 i72,82,0.010932
i25 i55 i81,25,0.003333
i25 i55 i82,28,0.003733
i25 i55 i97,26,0.003466
i25 i55 i99,21,0.002800
i25 i57 i72,20,0.002666
i25 i59 i71,20,0.002666
i25 i59 i72,30,0.003999
i25 i60 i72,23,0.003066
i25 i61 i72,21,0.002800
i25 i65 i71,28,0.003733
i25 i65 i72,43,0.005733
i25 i71 i72,105,0.013998
i25 i71 i81,39,0.005199
i25 i71 i82,36,0.004799
i25 i71 i92,21,0.002800
i25 i71 i97,41,0.005466
i25 i71 i99,30,0.003999
i25 i72 i81,62,0.008266
i25 i72 i82,70,0.009332
i25 i72 i85,20,0.002666
i25 i72 i92,34,0.004533
i25 i72 i97,57,0.007599
i25 i72 i99,42,0.005599
i25 i81 i82,25,0.003333
i25 i81 i97,22,0.002933
i25 i82 i97,21,0.002800
i30 i37 i43,20,0.002666
i30 i37 i54,22,0.002933
i30 i43 i54,35,0.004666
i31 i37 i71,30,0.003999
i31 i37 i72,48,0.006399
i31 i43 i72,22,0.002933
i31 i49 i71,21,0.002800
i31 i49 i72,21,0.002800
i31 i54 i72,24,0.003200
i31 i55 i72,24,0.003200
i31 i65 i72,20,0.002666
i31 i71 i72,35,0.004666
i31 i72 i82,35,0.004666
i37 i40 i72,24,0.003200
i37 i43 i49,39,0.005199
i37 i43 i54,53,0.007066
i37 i43 i55,27,0.003600
i37 i43 i57,20,0.002666
i37 i43 i65,26,0.003466
i37 i43 i71,54,0.007199
i37 i43 i72,52,0.006932
i37 i43 i82,36,0.004799
i37 i43 i97,21,0.002800
i37 i45 i71,20,0.002666
i37 i45 i72,27,0.003600
i37 i46 i72,21,0.002800
i37 i48 i72,31,0.004133
i37 i49 i54,25,0.003333
i37 i49 i55,33,0.004399
i37 i49 i65,24,0.003200
i37 i49 i71,55,0.007332
i37 i49 i72,68,0.009065
i37 i49 i81,21,0.002800
i37 i49 i82,23,0.003066
i37 i49 i97,28,0.003733
i37 i51 i72,33,0.004399
i37 i54 i71,29,0.003866
i37 i54 i72,52,0.006932
i37 i54 i82,27,0.003600
i37 i55 i59,31,0.004133
i37 i55 i71,44,0.005866
i37 i55 i72,76,0.010132
i37 i55 i81,22,0.002933
i37 i59 i71,25,0.003333
i37 i59 i72,40,0.005333
i37 i65 i71,28,0.003733
i37 i65 i72,46,0.006133
i37 i71 i72,98,0.013065
i37 i71 i81,28,0.003733
i37 i71 i82,35,0.004666
i37 i71 i97,32,0.004266
i37 i72 i81,44,0.005866
i37 i72 i82,59,0.007866
i37 i72 i89,25,0.003333
i37 i72 i92,27,0.003600
i37 i72 i97,39,0.005199
i37 i72 i99,37,0.004933
i37 i81 i82,20,0.002666
i4 i43 i72,22,0.002933
i4 i71 i72,25,0.003333
i40 i43 i49,20,0.002666
i40 i43 i72,22,0.002933
i40 i55 i72,21,0.002800
i40 i71 i72,30,0.003999
i40 i72 i82,21,0.002800
i43 i48 i49,21,0.002800
i43 i48 i54,29,0.003866
i43 i48 i71,23,0.003066
i43 i48 i72,27,0.003600
i43 i49 i54,29,0.003866
i43 i49 i71,43,0.005733
i43 i49 i72,46,0.006133
i43 i49 i82,24,0.003200
i43 i49 i97,21,0.002800
i43 i54 i71,30,0.003999
i43 i54 i72,46,0.006133
i43 i54 i82,34,0.004533
i43 i55 i59,24,0.003200
i43 i55 i71,27,0.003600
i43 i55 i72,40,0.005333
i43 i65 i71,25,0.003333
i43 i65 i72,28,0.003733
i43 i71 i72,62,0.008266
i43 i71 i81,24,0.003200
i43 i71 i82,26,0.003466
i43 i71 i97,29,0.003866
i43 i72 i81,30,0.003999
i43 i72 i82,49,0.006532
i43 i72 i97,20,0.002666
i43 i72 i99,24,0.003200
i44 i71 i72,21,0.002800
i45 i49 i72,23,0.003066
i45 i71 i72,30,0.003999
i48 i49 i71,20,0.002666
i48 i49 i72,25,0.003333
i48 i49 i97,21,0.002800
i48 i54 i71,21,0.002800
i48 i54 i72,28,0.003733
i48 i55 i72,26,0.003466
i48 i71 i72,46,0.006133
i48 i72 i81,20,0.002666
i48 i72 i82,29,0.003866
i49 i54 i55,20,0.002666
i49 i54 i71,24,0.003200
i49 i54 i72,34,0.004533
i49 i55 i59,21,0.002800
i49 i55 i65,20,0.002666
i49 i55 i71,43,0.005733
i49 i55 i72,69,0.009199
i49 i55 i81,25,0.003333
i49 i55 i97,24,0.003200
i49 i59 i72,24,0.003200
i49 i60 i72,26,0.003466
i49 i65 i71,28,0.003733
i49 i65 i72,34,0.004533
i49 i71 i72,83,0.011065
i49 i71 i81,36,0.004799
i49 i71 i82,22,0.002933
i49 i71 i97,35,0.004666
i49 i71 i99,30,0.003999
i49 i72 i81,49,0.006532
i49 i72 i82,46,0.006133
i49 i72 i92,23,0.003066
i49 i72 i97,54,0.007199
i49 i72 i99,38,0.005066
i51 i55 i72,38,0.005066
i51 i59 i72,21,0.002800
i51 i71 i72,27,0.003600
i51 i72 i81,22,0.002933
i51 i72 i82,26,0.003466
i54 i55 i71,25,0.003333
i54 i55 i72,39,0.005199
i54 i60 i72,21,0.002800
i54 i71 i72,43,0.005733
i54 i72 i81,32,0.004266
i54 i72 i82,43,0.005733
i54 i72 i92,20,0.002666
i54 i72 i97,21,0.002800
i54 i72 i99,20,0.002666
i55 i57 i72,20,0.002666
i55 i59 i71,27,0.003600
i55 i59 i72,50,0.006666
i55 i59 i82,20,0.002666
i55 i59 i97,22,0.002933
i55 i60 i72,21,0.002800
i55 i65 i71,23,0.003066
i55 i65 i72,36,0.004799
i55 i71 i72,83,0.011065
i55 i71 i81,37,0.004933
i55 i71 i82,26,0.003466
i55 i71 i97,21,0.002800
i55 i71 i99,30,0.003999
i55 i72 i81,50,0.006666
i55 i72 i82,56,0.007466
i55 i72 i89,21,0.002800
i55 i72 i92,29,0.003866
i55 i72 i97,38,0.005066
i55 i72 i99,38,0.005066
i59 i71 i72,31,0.004133
i59 i72 i82,27,0.003600
i60 i71 i72,25,0.003333
i65 i71 i72,36,0.004799
i65 i72 i82,32,0.004266
i65 i72 i99,20,0.002666
i71 i72 i81,64,0.008532
i71 i72 i82,59,0.007866
i71 i72 i92,33,0.004399
i71 i72 i97,59,0.007866
i71 i72 i99,64,0.008532
i71 i81 i82,23,0.003066
i71 i81 i97,24,0.003200
i71 i81 i99,27,0.003600
i71 i82 i97,25,0.003333
i72 i81 i82,35,0.004666
i72 i81 i92,20,0.002666
i72 i81 i97,34,0.004533
i72 i81 i99,39,0.005199
i72 i82 i97,34,0.004533
i72 i82 i99,32,0.004266
i72 i97 i99,20,0.002666
i100 i108 i49 i72,23,0.003066
i100 i108 i55 i72,23,0.003066
i100 i108 i71 i72,25,0.003333
i100 i110 i71 i72,20,0.002666
i100 i15 i25 i37,20,0.002666
i100 i15 i25 i71,22,0.002933
i100 i23 i71 i72,20,0.002666
i100 i25 i37 i43,22,0.002933
i100 i25 i37 i55,23,0.003066
i100 i25 i37 i71,22,0.002933
i100 i25 i37 i72,34,0.004533
i100 i25 i43 i72,21,0.002800
i100 i25 i49 i55,23,0.003066
i100 i25 i49 i71,26,0.003466
i100 i25 i49 i72,31,0.004133
i100 i25 i55 i71,22,0.002933
i100 i25 i55 i72,30,0.003999
i100 i25 i71 i72,37,0.004933
i100 i25 i72 i81,29,0.003866
i100 i25 i72 i82,28,0.003733
i100 i25 i72 i97,26,0.003466
i100 i31 i37 i72,22,0.002933
i100 i37 i43 i71,20,0.002666
i100 i37 i43 i72,23,0.003066
i100 i37 i49 i71,20,0.002666
i100 i37 i49 i72,22,0.002933
i100 i37 i55 i71,22,0.002933
i100 i37 i55 i72,29,0.003866
i100 i37 i71 i72,33,0.004399
i100 i43 i55 i72,21,0.002800
i100 i43 i71 i72,21,0.002800
i100 i48 i71 i72,24,0.003200
i100 i49 i55 i71,23,0.003066
i100 i49 i55 i72,33,0.004399
i100 i49 i71 i72,34,0.004533
i100 i49 i72 i81,21,0.002800
i100 i49 i72 i97,25,0.003333
i100 i55 i59 i72,21,0.002800
i100 i55 i71 i72,33,0.004399
i100 i55 i72 i81,23,0.003066
i100 i55 i72 i82,23,0.003066
i100 i55 i72 i97,22,0.002933
i100 i71 i72 i81,25,0.003333
i100 i71 i72 i97,23,0.003066
i100 i72 i81 i82,21,0.002800
i25 i37 i43 i71,20,0.002666
i25 i37 i49 i72,23,0.003066
i25 i37 i55 i72,30,0.003999
i25 i37 i71 i72,31,0.004133
i25 i43 i71 i72,20,0.002666
i25 i49 i55 i71,20,0.002666
i25 i49 i55 i72,25,0.003333
i25 i49 i71 i72,30,0.003999
i25 i49 i72 i81,21,0.002800
i25 i49 i72 i97,24,0.003200
i25 i55 i71 i72,25,0.003333
i25 i71 i72 i97,22,0.002933
i37 i49 i55 i72,20,0.002666
i37 i49 i71 i72,28,0.003733
i37 i55 i71 i72,25,0.003333
i37 i71 i72 i81,20,0.002666
i49 i55 i71 i72,28,0.003733
i49 i71 i72 i81,25,0.003333
i49 i71 i72 i97,21,0.002800
i49 i71 i72 i99,23,0.003066
