rule,antecedent,consequent,support,confidence,lift,support_count_xy,support_count_x,support_count_y
i115 i72 → i81,i115 i72,i81,0.003866,0.402778,6.115863,29,72,494
i100 i107 → i55,i100 i107,i55,0.003066,0.489362,4.980600,23,47,737
i49 i59 → i55,i49 i59,i55,0.002800,0.466667,4.749616,21,45,737
i100 i59 i72 → i55,i100 i59 i72,i55,0.002800,0.466667,4.749616,21,45,737
i107 i72 → i55,i107 i72,i55,0.002666,0.465116,4.733836,20,43,737
i43 i59 → i55,i43 i59,i55,0.003200,0.461538,4.697422,24,52,737
i100 i21 → i55,i100 i21,i55,0.003066,0.460000,4.681764,23,50,737
i49 i72 i99 → i71,i49 i72 i99,i71,0.003066,0.605263,4.670863,23,38,972
i25 i55 i71 → i49,i25 i55 i71,i49,0.002666,0.434783,4.561265,20,46,715
i25 i59 → i55,i25 i59,i55,0.003999,0.441176,4.490183,30,68,737
i25 i72 i97 → i49,i25 i72 i97,i49,0.003200,0.421053,4.417225,24,57,715
i59 i97 → i55,i59 i97,i55,0.002933,0.415094,4.224725,22,53,737
i49 i72 i81 → i71,i49 i72 i81,i71,0.003333,0.510204,3.937285,25,49,972
i21 i55 → i100,i21 i55,i100,0.003066,0.676471,3.885303,23,34,1306
i23 i81 → i71,i23 i81,i71,0.003600,0.500000,3.858539,27,54,972
i49 i99 → i71,i49 i99,i71,0.003999,0.500000,3.858539,30,60,972
i100 i48 i72 → i71,i100 i48 i72,i71,0.003200,0.470588,3.631566,24,51,972
i15 i30 → i54,i15 i30,i54,0.002666,0.476190,3.604344,20,42,991
i100 i37 i49 → i71,i100 i37 i49,i71,0.002666,0.465116,3.589339,20,43,972
i25 i49 i55 → i71,i25 i49 i55,i71,0.002666,0.465116,3.589339,20,43,972
i100 i15 i25 → i71,i100 i15 i25,i71,0.002933,0.458333,3.536994,22,48,972
i108 i81 → i100,i108 i81,i100,0.004399,0.611111,3.509912,33,54,1306
i100 i115 → i71,i100 i115,i71,0.003999,0.454545,3.507763,30,66,972
i37 i72 i81 → i71,i37 i72 i81,i71,0.002666,0.454545,3.507763,20,44,972
i72 i81 i82 → i100,i72 i81 i82,i100,0.002800,0.600000,3.446095,21,35,1306
i23 i99 → i71,i23 i99,i71,0.002666,0.444444,3.429813,20,45,972
i108 i99 → i71,i108 i99,i71,0.003066,0.442308,3.413323,23,52,972
i100 i25 i49 → i71,i100 i25 i49,i71,0.003466,0.440678,3.400746,26,59,972
i55 i72 i97 → i100,i55 i72 i97,i100,0.002933,0.578947,3.325179,22,38,1306
i107 i55 → i100,i107 i55,i100,0.003066,0.575000,3.302508,23,40,1306
i31 i55 → i100,i31 i55,i100,0.004799,0.571429,3.281995,36,63,1306
i49 i81 → i71,i49 i81,i71,0.004799,0.423529,3.268410,36,85,972
i25 i89 → i100,i25 i89,i100,0.002800,0.567568,3.259820,21,37,1306
i108 i55 i72 → i100,i108 i55 i72,i100,0.003066,0.560976,3.221959,23,41,1306
i49 i71 i99 → i72,i49 i71 i99,i72,0.003066,0.766667,3.216312,23,30,1788
i100 i4 → i71,i100 i4,i71,0.003333,0.416667,3.215449,25,60,972
i100 i110 i72 → i71,i100 i110 i72,i71,0.002666,0.416667,3.215449,20,48,972
i31 i49 → i71,i31 i49,i71,0.002800,0.411765,3.177620,21,51,972
i37 i49 i72 → i71,i37 i49 i72,i71,0.003733,0.411765,3.177620,28,68,972
i107 i25 → i100,i107 i25,i100,0.002800,0.552632,3.174035,21,38,1306
i55 i99 → i71,i55 i99,i71,0.003999,0.410959,3.171402,30,73,972
i25 i49 i72 → i71,i25 i49 i72,i71,0.003999,0.410959,3.171402,30,73,972
i23 i55 → i71,i23 i55,i71,0.003866,0.408451,3.152046,29,71,972
i49 i55 i72 → i71,i49 i55 i72,i71,0.003733,0.405797,3.131568,28,69,972
i81 i99 → i71,i81 i99,i71,0.003600,0.402985,3.109867,27,67,972
i100 i21 → i71,i100 i21,i71,0.002666,0.400000,3.086831,20,50,972
i23 i48 → i71,i23 i48,i71,0.002666,0.400000,3.086831,20,50,972
i15 i25 i71 → i100,i15 i25 i71,i100,0.002933,0.536585,3.081874,22,41,1306
i25 i49 i55 → i100,i25 i49 i55,i100,0.003066,0.534884,3.072100,23,43,1306
i49 i55 i71 → i100,i49 i55 i71,i100,0.003066,0.534884,3.072100,23,43,1306
i37 i89 → i100,i37 i89,i100,0.003733,0.528302,3.034297,28,53,1306
i59 i81 → i100,i59 i81,i100,0.002666,0.526316,3.022890,20,38,1306
i43 i55 i72 → i100,i43 i55 i72,i100,0.002800,0.525000,3.015333,21,40,1306
i55 i97 → i100,i55 i97,i100,0.005999,0.523256,3.005315,45,86,1306
i108 i49 i72 → i100,i108 i49 i72,i100,0.003066,0.522727,3.002280,23,44,1306
i48 i71 i72 → i100,i48 i71 i72,i100,0.003200,0.521739,2.996604,24,46,1306
i37 i71 i81 → i72,i37 i71 i81,i72,0.002666,0.714286,2.996564,20,28,1788
i100 i31 i37 → i72,i100 i31 i37,i72,0.002933,0.709677,2.977232,22,31,1788
i49 i55 → i100,i49 i55,i100,0.008666,0.511811,2.939582,65,127,1306
i25 i49 i81 → i72,i25 i49 i81,i72,0.002800,0.700000,2.936633,21,30,1788
i108 i116 → i100,i108 i116,i100,0.003066,0.511111,2.935562,23,45,1306
i55 i85 → i100,i55 i85,i100,0.003333,0.510204,2.930353,25,49,1306
i108 i71 i72 → i100,i108 i71 i72,i100,0.003333,0.510204,2.930353,25,49,1306
i49 i71 i81 → i72,i49 i71 i81,i72,0.003333,0.694444,2.913326,25,36,1788
i23 i55 → i100,i23 i55,i100,0.004799,0.507042,2.912193,36,71,1306
i49 i81 → i100,i49 i81,i100,0.005733,0.505882,2.905531,43,85,1306
i110 i81 → i100,i110 i81,i100,0.002666,0.500000,2.871746,20,40,1306
i37 i55 i71 → i100,i37 i55 i71,i100,0.002933,0.500000,2.871746,22,44,1306
i49 i55 i71 → i25,i49 i55 i71,i25,0.002666,0.465116,2.838761,20,43,1229
i59 i82 → i100,i59 i82,i100,0.003600,0.490909,2.819532,27,55,1306
i37 i44 → i100,i37 i44,i100,0.002933,0.488889,2.807929,22,45,1306
i15 i25 i37 → i100,i15 i25 i37,i100,0.002666,0.487805,2.801703,20,41,1306
i100 i15 i71 → i25,i100 i15 i71,i25,0.002933,0.458333,2.797362,22,48,1229
i104 → i100,i104,i100,0.003733,0.482759,2.772720,28,58,1306
i23 i81 → i100,i23 i81,i100,0.003466,0.481481,2.765385,26,54,1306
i25 i55 i71 → i100,i25 i55 i71,i100,0.002933,0.478261,2.746887,22,46,1306
i49 i55 i72 → i100,i49 i55 i72,i100,0.004399,0.478261,2.746887,33,69,1306
i108 i55 → i100,i108 i55,i100,0.005599,0.477273,2.741212,42,88,1306
i49 i55 i71 → i72,i49 i55 i71,i72,0.003733,0.651163,2.731752,28,43,1788
i100 i107 → i25,i100 i107,i25,0.002800,0.446809,2.727022,21,47,1229
i49 i72 i97 → i25,i49 i72 i97,i25,0.003200,0.444444,2.712594,24,54,1229
i37 i51 → i100,i37 i51,i100,0.004266,0.470588,2.702820,32,68,1306
i51 i55 → i100,i51 i55,i100,0.005333,0.470588,2.702820,40,85,1306
i17 i81 → i100,i17 i81,i100,0.003066,0.469388,2.695925,23,49,1306
i51 i59 → i100,i51 i59,i100,0.003066,0.469388,2.695925,23,49,1306
i25 i37 i55 → i100,i25 i37 i55,i100,0.003066,0.469388,2.695925,23,49,1306
i81 i82 → i100,i81 i82,i100,0.005066,0.469136,2.694478,38,81,1306
i25 i72 i81 → i100,i25 i72 i81,i100,0.003866,0.467742,2.686472,29,62,1306
i49 i72 i97 → i100,i49 i72 i97,i100,0.003333,0.462963,2.659024,25,54,1306
i49 i99 → i72,i49 i99,i72,0.005066,0.633333,2.656954,38,60,1788
i16 i43 → i25,i16 i43,i25,0.002666,0.434783,2.653624,20,46,1229
i15 i30 → i37,i15 i30,i37,0.002666,0.476190,2.649781,20,42,1348
i43 i57 → i37,i43 i57,i37,0.002666,0.476190,2.649781,20,42,1348
i55 i72 i81 → i100,i55 i72 i81,i100,0.003066,0.460000,2.642006,23,50,1306
i17 i55 → i100,i17 i55,i100,0.003733,0.459016,2.636357,28,61,1306
i108 i23 → i100,i108 i23,i100,0.002933,0.458333,2.632434,22,48,1306
i31 i37 i72 → i100,i31 i37 i72,i100,0.002933,0.458333,2.632434,22,48,1306
i82 i99 → i72,i82 i99,i72,0.004266,0.627451,2.632276,32,51,1788
i51 i71 → i100,i51 i71,i100,0.003600,0.457627,2.628378,27,59,1306
i25 i72 i97 → i100,i25 i72 i97,i100,0.003466,0.456140,2.619838,26,57,1306
i15 i55 → i100,i15 i55,i100,0.005466,0.455556,2.616479,41,90,1306
i17 i81 → i25,i17 i81,i25,0.002800,0.428571,2.615715,21,49,1229
i49 i72 i81 → i25,i49 i72 i81,i25,0.002800,0.428571,2.615715,21,49,1229
i40 i82 → i100,i40 i82,i100,0.002666,0.454545,2.610678,20,44,1306
i59 i65 → i100,i59 i65,i100,0.002666,0.454545,2.610678,20,44,1306
i100 i71 i97 → i72,i100 i71 i97,i72,0.003066,0.621622,2.607821,23,37,1788
i54 i81 → i100,i54 i81,i100,0.004533,0.453333,2.603716,34,75,1306
i49 i99 → i100,i49 i99,i100,0.003600,0.450000,2.584571,27,60,1306
i108 i110 → i100,i108 i110,i100,0.002933,0.448980,2.578711,22,49,1306
i25 i37 i55 → i72,i25 i37 i55,i72,0.003999,0.612245,2.568484,30,49,1788
i110 i17 → i37,i110 i17,i37,0.003200,0.461538,2.568249,24,52,1348
i23 i97 → i100,i23 i97,i100,0.002800,0.446809,2.566241,21,47,1306
i25 i57 → i100,i25 i57,i100,0.002800,0.446809,2.566241,21,47,1306
i37 i55 → i100,i37 i55,i100,0.008932,0.446667,2.565426,67,150,1306
i4 i71 → i100,i4 i71,i100,0.003333,0.446429,2.564059,25,56,1306
i100 i49 i71 → i25,i100 i49 i71,i25,0.003466,0.419355,2.559464,26,62,1229
i23 i99 → i100,i23 i99,i100,0.002666,0.444444,2.552663,20,45,1306
i107 → i100,i107,i100,0.006266,0.443396,2.546642,47,106,1306
i37 i49 i55 → i72,i37 i49 i55,i72,0.002666,0.606061,2.542539,20,33,1788
i81 i97 → i100,i81 i97,i100,0.003600,0.442623,2.542201,27,61,1306
i55 i71 → i100,i55 i71,i100,0.009732,0.442424,2.541060,73,165,1306
i51 i82 → i100,i51 i82,i100,0.003066,0.442308,2.540391,23,52,1306
i37 i43 i72 → i100,i37 i43 i72,i100,0.003066,0.442308,2.540391,23,52,1306
i55 i82 → i100,i55 i82,i100,0.006399,0.440367,2.529244,48,109,1306
i100 i63 → i72,i100 i63,i72,0.003200,0.600000,2.517114,24,40,1788
i25 i49 i97 → i72,i25 i49 i97,i72,0.003200,0.600000,2.517114,24,40,1788
i49 i71 i97 → i72,i49 i71 i97,i72,0.002800,0.600000,2.517114,21,35,1788
i15 i81 → i100,i15 i81,i100,0.002800,0.437500,2.512778,21,48,1306
i63 i72 → i100,i63 i72,i100,0.003200,0.436364,2.506251,24,55,1306
i116 i82 → i72,i116 i82,i72,0.004133,0.596154,2.500979,31,52,1788
i110 i71 i72 → i100,i110 i71 i72,i100,0.002666,0.434783,2.497170,20,46,1306
i55 i81 → i100,i55 i81,i100,0.006133,0.433962,2.492459,46,106,1306
i37 i57 → i43,i37 i57,i43,0.002666,0.425532,2.489793,20,47,1282
i25 i49 i71 → i100,i25 i49 i71,i100,0.003466,0.433333,2.488846,26,60,1306
i31 i82 → i72,i31 i82,i72,0.004666,0.593220,2.488672,35,59,1788
i55 i92 → i100,i55 i92,i100,0.003866,0.432836,2.485989,29,67,1306
i54 i55 → i100,i54 i55,i100,0.006399,0.432432,2.483672,48,111,1306
i100 i72 i97 → i25,i100 i72 i97,i25,0.003466,0.406250,2.479480,26,64,1229
i82 i99 → i100,i82 i99,i100,0.002933,0.431373,2.477585,22,51,1306
i25 i81 → i100,i25 i81,i100,0.007066,0.430894,2.474838,53,123,1306
i108 i48 → i100,i108 i48,i100,0.002800,0.428571,2.461496,21,49,1306
i49 i72 i81 → i100,i49 i72 i81,i100,0.002800,0.428571,2.461496,21,49,1306
i55 i89 → i72,i55 i89,i72,0.002800,0.583333,2.447194,21,36,1788
i37 i57 → i100,i37 i57,i100,0.002666,0.425532,2.444039,20,47,1306
i81 i99 → i72,i81 i99,i72,0.005199,0.582090,2.441976,39,67,1788
i25 i49 i55 → i72,i25 i49 i55,i72,0.003333,0.581395,2.439064,25,43,1788
i25 i49 i72 → i100,i25 i49 i72,i100,0.004133,0.424658,2.439017,31,73,1306
i110 i71 → i100,i110 i71,i100,0.004799,0.423529,2.432538,36,85,1306
i37 i81 → i100,i37 i81,i100,0.005066,0.422222,2.425030,38,90,1306
i71 i81 → i100,i71 i81,i100,0.007199,0.421875,2.423036,54,128,1306
i49 i81 → i72,i49 i81,i72,0.006532,0.576471,2.418404,49,85,1788
i55 i59 i72 → i100,i55 i59 i72,i100,0.002800,0.420000,2.412266,21,50,1306
i108 i81 → i72,i108 i81,i72,0.004133,0.574074,2.408350,31,54,1788
i108 i71 → i100,i108 i71,i100,0.005866,0.419048,2.406796,44,105,1306
i15 i82 → i100,i15 i82,i100,0.004399,0.417722,2.399180,33,79,1306
i100 i48 i71 → i72,i100 i48 i71,i72,0.003200,0.571429,2.397252,24,42,1788
i55 i72 → i100,i55 i72,i100,0.017064,0.416938,2.394681,128,307,1306
i55 i65 → i100,i55 i65,i100,0.003999,0.416667,2.393121,30,72,1306
i100 i108 i71 → i72,i100 i108 i71,i72,0.003333,0.568182,2.383631,25,44,1788
i37 i55 i71 → i72,i37 i55 i71,i72,0.003333,0.568182,2.383631,25,44,1788
i44 i71 → i72,i44 i71,i72,0.002800,0.567568,2.381054,21,37,1788
i48 i49 → i100,i48 i49,i100,0.004133,0.413333,2.373977,31,75,1306
i108 i49 → i100,i108 i49,i100,0.006666,0.413223,2.373344,50,121,1306
i108 i17 → i100,i108 i17,i100,0.003466,0.412698,2.370330,26,63,1306
i55 i72 i82 → i100,i55 i72 i82,i100,0.003066,0.410714,2.358934,23,56,1306
i71 i99 → i72,i71 i99,i72,0.008532,0.561404,2.355194,64,114,1788
i49 i71 i72 → i100,i49 i71 i72,i100,0.004533,0.409639,2.352756,34,83,1306
i81 i97 → i72,i81 i97,i72,0.004533,0.557377,2.338303,34,61,1788
i51 i54 → i100,i51 i54,i100,0.003200,0.406780,2.336336,24,59,1306
i57 i72 → i100,i57 i72,i100,0.003733,0.405797,2.330692,28,69,1306
i61 i72 → i100,i61 i72,i100,0.003733,0.405797,2.330692,28,69,1306
i100 i110 i71 → i72,i100 i110 i71,i72,0.002666,0.555556,2.330661,20,36,1788
i100 i49 i97 → i72,i100 i49 i97,i72,0.003333,0.555556,2.330661,25,45,1788
i115 i71 → i100,i115 i71,i100,0.003999,0.405405,2.328443,30,74,1306
i43 i55 → i100,i43 i55,i100,0.005599,0.403846,2.319487,42,104,1306
i100 i15 i25 → i37,i100 i15 i25,i37,0.002666,0.416667,2.318558,20,48,1348
i100 i43 i71 → i37,i100 i43 i71,i37,0.002666,0.416667,2.318558,20,48,1348
i25 i99 → i72,i25 i99,i72,0.005599,0.552632,2.318395,42,76,1788
i100 i81 i82 → i72,i100 i81 i82,i72,0.002800,0.552632,2.318395,21,38,1788
i48 i55 → i100,i48 i55,i100,0.003066,0.403509,2.317549,23,57,1306
i40 i55 → i100,i40 i55,i100,0.003333,0.403226,2.315924,25,62,1306
i44 i72 → i100,i44 i72,i100,0.003333,0.403226,2.315924,25,62,1306
i100 i25 i82 → i72,i100 i25 i82,i72,0.003733,0.549020,2.303242,28,51,1788
i100 i49 i71 → i72,i100 i49 i71,i72,0.004533,0.548387,2.300588,34,62,1788
i52 → i100,i52,i100,0.003466,0.400000,2.297397,26,65,1306
i15 i65 → i100,i15 i65,i100,0.002666,0.400000,2.297397,20,50,1306
i55 i59 → i100,i55 i59,i100,0.006399,0.400000,2.297397,48,120,1306
i23 i71 i72 → i100,i23 i71 i72,i100,0.002666,0.400000,2.297397,20,50,1306
i25 i72 i82 → i100,i25 i72 i82,i100,0.003733,0.400000,2.297397,28,70,1306
i100 i108 i55 → i72,i100 i108 i55,i72,0.003066,0.547619,2.297366,23,42,1788
i100 i25 i81 → i72,i100 i25 i81,i72,0.003866,0.547170,2.295481,29,53,1788
i15 i43 → i37,i15 i43,i37,0.009065,0.412121,2.293265,68,165,1348
i31 i37 → i72,i31 i37,i72,0.006399,0.545455,2.288286,48,88,1788
i37 i99 → i72,i37 i99,i72,0.004933,0.544118,2.282677,37,68,1788
i25 i55 i71 → i72,i25 i55 i71,i72,0.003333,0.543478,2.279995,25,46,1788
i49 i55 → i72,i49 i55,i72,0.009199,0.543307,2.279277,69,127,1788
i100 i25 i97 → i72,i100 i25 i97,i72,0.003466,0.541667,2.272395,26,48,1788
i110 i71 → i72,i110 i71,i72,0.006133,0.541176,2.270338,46,85,1788
i55 i57 → i72,i55 i57,i72,0.002666,0.540541,2.267670,20,37,1788
i108 i99 → i72,i108 i99,i72,0.003733,0.538462,2.258949,28,52,1788
i28 → i37,i28,i37,0.004266,0.405063,2.253991,32,79,1348
i25 i71 i97 → i72,i25 i71 i97,i72,0.002933,0.536585,2.251078,22,41,1788
i25 i37 i49 → i72,i25 i37 i49,i72,0.003066,0.534884,2.243939,23,43,1788
i23 i99 → i72,i23 i99,i72,0.003200,0.533333,2.237435,24,45,1788
i49 i59 → i72,i49 i59,i72,0.003200,0.533333,2.237435,24,45,1788
i23 i82 → i72,i23 i82,i72,0.004799,0.529412,2.220983,36,68,1788
i100 i90 → i72,i100 i90,i72,0.002666,0.526316,2.207995,20,38,1788
i100 i25 i49 → i72,i100 i25 i49,i72,0.004133,0.525424,2.204252,31,59,1788
i100 i99 → i72,i100 i99,i72,0.007466,0.523364,2.195614,56,107,1788
i17 i99 → i72,i17 i99,i72,0.003200,0.521739,2.188795,24,46,1788
i15 i81 → i72,i15 i81,i72,0.003333,0.520833,2.184995,25,48,1788
i55 i99 → i72,i55 i99,i72,0.005066,0.520548,2.183798,38,73,1788
i100 i21 → i72,i100 i21,i72,0.003466,0.520000,2.181499,26,50,1788
i23 i25 → i72,i23 i25,i72,0.007599,0.518182,2.173871,57,110,1788
i40 i71 → i72,i40 i71,i72,0.003999,0.517241,2.169926,30,58,1788
i55 i82 → i72,i55 i82,i72,0.007466,0.513761,2.155327,56,109,1788
i23 i45 → i72,i23 i45,i72,0.002666,0.512821,2.151380,20,39,1788
i25 i61 → i72,i25 i61,i72,0.002800,0.512195,2.148756,21,41,1788
i100 i37 i49 → i72,i100 i37 i49,i72,0.002933,0.511628,2.146376,22,43,1788
i21 i71 → i72,i21 i71,i72,0.003600,0.509434,2.137172,27,53,1788
i37 i49 i71 → i72,i37 i49 i71,i72,0.003733,0.509091,2.135733,28,55,1788
i100 i49 i55 → i72,i100 i49 i55,i72,0.004399,0.507692,2.129866,33,65,1788
i37 i55 → i72,i37 i55,i72,0.010132,0.506667,2.125563,76,150,1788
i100 i92 → i72,i100 i92,i72,0.006799,0.504950,2.118363,51,101,1788
i25 i81 → i72,i25 i81,i72,0.008266,0.504065,2.114649,62,123,1788
i55 i71 → i72,i55 i71,i72,0.011065,0.503030,2.110308,83,165,1788
i107 i55 → i72,i107 i55,i72,0.002666,0.500000,2.097595,20,40,1788
i108 i23 → i72,i108 i23,i72,0.003200,0.500000,2.097595,24,48,1788
i110 i49 → i72,i110 i49,i72,0.004399,0.500000,2.097595,33,66,1788
i17 i48 → i72,i17 i48,i72,0.003200,0.500000,2.097595,24,48,1788
i23 i81 → i72,i23 i81,i72,0.003600,0.500000,2.097595,27,54,1788
i51 i82 → i72,i51 i82,i72,0.003466,0.500000,2.097595,26,52,1788
i55 i65 → i72,i55 i65,i72,0.004799,0.500000,2.097595,36,72,1788
i71 i81 → i72,i71 i81,i72,0.008532,0.500000,2.097595,64,128,1788
i100 i43 i55 → i72,i100 i43 i55,i72,0.002800,0.500000,2.097595,21,42,1788
i100 i55 i81 → i72,i100 i55 i81,i72,0.003066,0.500000,2.097595,23,46,1788
i25 i49 i71 → i72,i25 i49 i71,i72,0.003999,0.500000,2.097595,30,60,1788
i100 i37 i71 → i72,i100 i37 i71,i72,0.004399,0.492537,2.066288,33,67,1788
i12 i37 → i72,i12 i37,i72,0.003600,0.490909,2.059457,27,55,1788
i59 i82 → i72,i59 i82,i72,0.003600,0.490909,2.059457,27,55,1788
i17 i81 → i72,i17 i81,i72,0.003200,0.489796,2.054787,24,49,1788
i49 i92 → i72,i49 i92,i72,0.003066,0.489362,2.052965,23,47,1788
i37 i81 → i72,i37 i81,i72,0.005866,0.488889,2.050982,44,90,1788
i100 i55 i97 → i72,i100 i55 i97,i72,0.002933,0.488889,2.050982,22,45,1788
i100 i49 i81 → i72,i100 i49 i81,i72,0.002800,0.488372,2.048814,21,43,1788
i100 i23 i71 → i72,i100 i23 i71,i72,0.002666,0.487805,2.046434,20,41,1788
i78 → i72,i78,i72,0.005066,0.487179,2.043811,38,78,1788
i116 i49 → i72,i116 i49,i72,0.004399,0.485294,2.035901,33,68,1788
i37 i51 → i72,i37 i51,i72,0.004399,0.485294,2.035901,33,68,1788
i115 i81 → i72,i115 i81,i72,0.003866,0.483333,2.027675,29,60,1788
i100 i33 → i72,i100 i33,i72,0.003333,0.480769,2.016918,25,52,1788
i17 i71 → i72,i17 i71,i72,0.006399,0.480000,2.013691,48,100,1788
i100 i55 i82 → i72,i100 i55 i82,i72,0.003066,0.479167,2.010195,23,48,1788
i100 i31 → i72,i100 i31,i72,0.007599,0.478992,2.009461,57,119,1788
i68 → i72,i68,i72,0.002933,0.478261,2.006395,22,46,1788
i41 → i72,i41,i72,0.005733,0.477778,2.004369,43,90,1788
i37 i46 → i72,i37 i46,i72,0.002800,0.477273,2.002250,21,44,1788
i40 i82 → i72,i40 i82,i72,0.002800,0.477273,2.002250,21,44,1788
i21 i25 → i72,i21 i25,i72,0.002666,0.476190,1.997710,20,42,1788
i97 i99 → i72,i97 i99,i72,0.002666,0.476190,1.997710,20,42,1788
i71 i82 → i72,i71 i82,i72,0.007866,0.475806,1.996099,59,124,1788
i116 i55 → i72,i116 i55,i72,0.003866,0.475410,1.994435,29,61,1788
i25 i55 → i72,i25 i55,i72,0.010932,0.473988,1.988472,82,173,1788
i108 i82 → i72,i108 i82,i72,0.004666,0.472973,1.984212,35,74,1788
i37 i89 → i72,i37 i89,i72,0.003333,0.471698,1.978863,25,53,1788
i55 i81 → i72,i55 i81,i72,0.006666,0.471698,1.978863,50,106,1788
i63 → i72,i63,i72,0.007332,0.470085,1.972098,55,117,1788
i25 i82 → i72,i25 i82,i72,0.009332,0.469799,1.970895,70,149,1788
i17 i23 → i72,i17 i23,i72,0.003066,0.469388,1.969171,23,49,1788
i49 i71 → i72,i49 i71,i72,0.011065,0.468927,1.967236,83,177,1788
i15 i49 → i72,i15 i49,i72,0.004933,0.468354,1.964836,37,79,1788
i23 i97 → i72,i23 i97,i72,0.002933,0.468085,1.963706,22,47,1788
i51 i81 → i72,i51 i81,i72,0.002933,0.468085,1.963706,22,47,1788
i17 i49 → i72,i17 i49,i72,0.004799,0.467532,1.961388,36,77,1788
i108 i71 → i72,i108 i71,i72,0.006532,0.466667,1.957755,49,105,1788
i108 i55 → i72,i108 i55,i72,0.005466,0.465909,1.954577,41,88,1788
i116 i17 → i72,i116 i17,i72,0.003600,0.465517,1.952933,27,58,1788
i65 i99 → i72,i65 i99,i72,0.002666,0.465116,1.951251,20,43,1788
i81 i92 → i72,i81 i92,i72,0.002666,0.465116,1.951251,20,43,1788
i100 i71 i81 → i72,i100 i71 i81,i72,0.003333,0.462963,1.942218,25,54,1788
i100 i108 i49 → i72,i100 i108 i49,i72,0.003066,0.460000,1.929787,23,50,1788
i51 i71 → i72,i51 i71,i72,0.003600,0.457627,1.919833,27,59,1788
i99 → i72,i99,i72,0.023064,0.456464,1.914955,173,379,1788
i48 i55 → i72,i48 i55,i72,0.003466,0.456140,1.913596,26,57,1788
i49 i60 → i72,i49 i60,i72,0.003466,0.456140,1.913596,26,57,1788
i49 i82 → i72,i49 i82,i72,0.006133,0.455446,1.910681,46,101,1788
i100 i82 → i72,i100 i82,i72,0.011465,0.455026,1.908923,86,189,1788
i54 i92 → i72,i54 i92,i72,0.002666,0.454545,1.906905,20,44,1788
i31 i54 → i72,i31 i54,i72,0.003200,0.452830,1.899709,24,53,1788
i71 i92 → i72,i71 i92,i72,0.004399,0.452055,1.896456,33,73,1788
i100 i55 i71 → i72,i100 i55 i71,i72,0.004399,0.452055,1.896456,33,73,1788
i100 i25 i71 → i72,i100 i25 i71,i72,0.004933,0.451220,1.892952,37,82,1788
i45 i49 → i72,i45 i49,i72,0.003066,0.450980,1.891949,23,51,1788
i65 i82 → i72,i65 i82,i72,0.004266,0.450704,1.890790,32,71,1788
i23 i71 → i72,i23 i71,i72,0.006666,0.450450,1.889725,50,111,1788
i59 i71 → i72,i59 i71,i72,0.004133,0.449275,1.884796,31,69,1788
i25 i37 i71 → i72,i25 i37 i71,i72,0.004133,0.449275,1.884796,31,69,1788
i116 i65 → i72,i116 i65,i72,0.002933,0.448980,1.883555,22,49,1788
i100 i81 → i72,i100 i81,i72,0.010265,0.447674,1.878079,77,172,1788
i49 i65 → i72,i49 i65,i72,0.004533,0.447368,1.876796,34,76,1788
i51 i55 → i72,i51 i55,i72,0.005066,0.447059,1.875497,38,85,1788
i71 i97 → i72,i71 i97,i72,0.007866,0.446970,1.875123,59,132,1788
i4 i71 → i72,i4 i71,i72,0.003333,0.446429,1.872853,25,56,1788
i100 i108 → i72,i100 i108,i72,0.009332,0.445860,1.870467,70,157,1788
i15 i48 → i72,i15 i48,i72,0.003200,0.444444,1.864529,24,54,1788
i15 i55 → i72,i15 i55,i72,0.005333,0.444444,1.864529,40,90,1788
i100 i71 → i72,i100 i71,i72,0.015731,0.443609,1.861024,118,266,1788
i100 i116 → i72,i100 i116,i72,0.006266,0.443396,1.860131,47,106,1788
i55 i97 → i72,i55 i97,i72,0.005066,0.441860,1.853689,38,86,1788
i25 i59 → i72,i25 i59,i72,0.003999,0.441176,1.850819,30,68,1788
i100 i43 i71 → i72,i100 i43 i71,i72,0.002800,0.437500,1.835396,21,48,1788
i100 i55 i59 → i72,i100 i55 i59,i72,0.002800,0.437500,1.835396,21,48,1788
i100 i48 → i72,i100 i48,i72,0.006799,0.435897,1.828673,51,117,1788
i25 i71 → i72,i25 i71,i72,0.013998,0.435685,1.827780,105,241,1788
i37 i92 → i72,i37 i92,i72,0.003600,0.435484,1.826938,27,62,1788
i100 i55 → i72,i100 i55,i72,0.017064,0.435374,1.826477,128,294,1788
i43 i81 → i72,i43 i81,i72,0.003999,0.434783,1.823996,30,69,1788
i45 i71 → i72,i45 i71,i72,0.003999,0.434783,1.823996,30,69,1788
i100 i25 i55 → i72,i100 i25 i55,i72,0.003999,0.434783,1.823996,30,69,1788
i25 i4 → i72,i25 i4,i72,0.003066,0.433962,1.820554,23,53,1788
i55 i92 → i72,i55 i92,i72,0.003866,0.432836,1.815829,29,67,1788
i100 i37 i55 → i72,i100 i37 i55,i72,0.003866,0.432836,1.815829,29,67,1788
i81 i82 → i72,i81 i82,i72,0.004666,0.432099,1.812736,35,81,1788
i49 i97 → i72,i49 i97,i72,0.007199,0.432000,1.812322,54,125,1788
i100 i46 → i72,i100 i46,i72,0.002933,0.431373,1.809690,22,51,1788
i100 i44 → i72,i100 i44,i72,0.003333,0.431034,1.808272,25,58,1788
i60 i71 → i72,i60 i71,i72,0.003333,0.431034,1.808272,25,58,1788
i100 i61 → i72,i100 i61,i72,0.003733,0.430769,1.807159,28,65,1788
i100 i49 → i72,i100 i49,i72,0.011998,0.430622,1.806541,90,209,1788
i82 i97 → i72,i82 i97,i72,0.004533,0.430380,1.805525,34,79,1788
i100 i25 i37 → i72,i100 i25 i37,i72,0.004533,0.430380,1.805525,34,79,1788
i48 i71 → i72,i48 i71,i72,0.006133,0.429907,1.803540,46,107,1788
i51 i59 → i72,i51 i59,i72,0.002800,0.428571,1.797939,21,49,1788
i116 i71 → i72,i116 i71,i72,0.005066,0.426966,1.791205,38,89,1788
i54 i81 → i72,i54 i81,i72,0.004266,0.426667,1.789948,32,75,1788
i48 i82 → i72,i48 i82,i72,0.003866,0.426471,1.789125,29,68,1788
i17 i55 → i72,i17 i55,i72,0.003466,0.426230,1.788114,26,61,1788
i106 i54 → i72,i106 i54,i72,0.002666,0.425532,1.785187,20,47,1788
i25 i57 → i72,i25 i57,i72,0.002666,0.425532,1.785187,20,47,1788
i37 i59 → i72,i37 i59,i72,0.005333,0.425532,1.785187,40,94,1788
i25 i92 → i72,i25 i92,i72,0.004533,0.425000,1.782956,34,80,1788
i25 i49 → i72,i25 i49,i72,0.009732,0.424419,1.780517,73,172,1788
i37 i71 → i72,i37 i71,i72,0.013065,0.424242,1.779778,98,231,1788
i110 i17 → i72,i110 i17,i72,0.002933,0.423077,1.774888,22,52,1788
i17 i65 → i72,i17 i65,i72,0.002933,0.423077,1.774888,22,52,1788
i25 i45 → i72,i25 i45,i72,0.003999,0.422535,1.772616,30,71,1788
i25 i97 → i72,i25 i97,i72,0.007599,0.422222,1.771303,57,135,1788
i25 i31 → i72,i25 i31,i72,0.005733,0.421569,1.768561,43,102,1788
i43 i99 → i72,i43 i99,i72,0.003200,0.421053,1.766396,24,57,1788
i110 i55 → i72,i110 i55,i72,0.003866,0.420290,1.763196,29,69,1788
i81 → i72,i81,i72,0.027596,0.419028,1.757904,207,494,1788
i15 i17 → i72,i15 i17,i72,0.004799,0.418605,1.756126,36,86,1788
i23 i49 → i72,i23 i49,i72,0.003733,0.417910,1.753214,28,67,1788
i88 → i72,i88,i72,0.007732,0.417266,1.750511,58,139,1788
i37 i49 → i72,i37 i49,i72,0.009065,0.417178,1.750141,68,163,1788
i25 i85 → i72,i25 i85,i72,0.002666,0.416667,1.747996,20,48,1788
i55 i59 → i72,i55 i59,i72,0.006666,0.416667,1.747996,50,120,1788
i55 → i72,i55,i72,0.040928,0.416554,1.747522,307,737,1788
i37 i45 → i72,i37 i45,i72,0.003600,0.415385,1.742617,27,65,1788
i104 → i72,i104,i72,0.003200,0.413793,1.735941,24,58,1788
i108 i37 → i72,i108 i37,i72,0.005066,0.413043,1.732796,38,92,1788
i17 i25 → i72,i17 i25,i72,0.005599,0.411765,1.727431,42,102,1788
i31 i49 → i72,i31 i49,i72,0.002800,0.411765,1.727431,21,51,1788
i55 i60 → i72,i55 i60,i72,0.002800,0.411765,1.727431,21,51,1788
i90 → i72,i90,i72,0.007732,0.411348,1.725681,58,141,1788
i108 i25 → i72,i108 i25,i72,0.005733,0.409524,1.718030,43,105,1788
i100 i115 → i72,i100 i115,i72,0.003600,0.409091,1.716214,27,66,1788
i23 i55 → i72,i23 i55,i72,0.003866,0.408451,1.713528,29,71,1788
i31 i65 → i72,i31 i65,i72,0.002666,0.408163,1.712323,20,49,1788
i31 i71 → i72,i31 i71,i72,0.004666,0.406977,1.707345,35,86,1788
i100 i57 → i72,i100 i57,i72,0.003733,0.405797,1.702396,28,69,1788
i107 → i72,i107,i72,0.005733,0.405660,1.701822,43,106,1788
i25 i37 → i72,i25 i37,i72,0.013465,0.405622,1.701663,101,249,1788
i100 i25 → i72,i100 i25,i72,0.015865,0.404762,1.698053,119,294,1788
i108 i15 → i72,i108 i15,i72,0.003333,0.403226,1.691609,25,62,1788
i100 i23 → i72,i100 i23,i72,0.006932,0.403101,1.691084,52,129,1788
i116 i15 → i72,i116 i15,i72,0.003600,0.402985,1.690599,27,67,1788
i100 i97 → i72,i100 i97,i72,0.008532,0.402516,1.688630,64,159,1788
i92 → i72,i92,i72,0.017064,0.401254,1.683336,128,319,1788
i100 i22 → i72,i100 i22,i72,0.002666,0.400000,1.678076,20,50,1788
i108 i31 → i72,i108 i31,i72,0.002666,0.400000,1.678076,20,50,1788
i23 i48 → i72,i23 i48,i72,0.002666,0.400000,1.678076,20,50,1788
