sequence_id,pos,item
s1,1,5
s1,2,15
s1,3,23
s1,4,8
s1,5,9
s1,6,28
s1,7,13
s1,8,38
s1,9,66
s1,10,14
s1,11,29
s1,12,32
s1,13,17
s1,14,26
s1,15,33
s1,16,18
s1,17,77
s1,18,22
s1,19,4
s1,20,27
s1,21,41
s1,22,35
s1,23,114
s1,24,1
s1,25,118
s1,26,132
s1,27,78
s1,28,136
s1,29,71
s1,30,76
s1,31,137
s1,32,25
s1,33,34
s1,34,143
s1,35,69
s1,36,144
s1,37,47
s1,38,245
s1,39,58
s1,40,246
s1,41,24
s1,42,253
s1,43,42
s1,44,51
s2,1,4
s2,2,13
s2,3,65
s2,4,8
s2,5,7
s2,6,9
s2,7,77
s2,8,22
s2,9,68
s2,10,26
s2,11,2
s2,12,27
s2,13,46
s2,14,38
s2,15,70
s2,16,53
s2,17,32
s2,18,113
s2,19,117
s2,20,118
s2,21,132
s2,22,67
s2,23,133
s2,24,66
s2,25,136
s2,26,71
s2,27,143
s2,28,5
s2,29,195
s2,30,245
s2,31,36
s2,32,37
s2,33,246
s2,34,10
s2,35,16
s2,36,250
s2,37,42
s2,38,253
s2,39,20
s2,40,25
s2,41,28
s2,42,30
s3,1,4
s3,2,42
s3,3,60
s3,4,5
s3,5,8
s3,6,21
s3,7,1
s3,8,36
s3,9,9
s3,10,26
s3,11,72
s3,12,10
s3,13,41
s3,14,63
s3,15,14
s3,16,29
s3,17,17
s3,18,37
s3,19,18
s3,20,22
s3,21,44
s3,22,66
s3,23,23
s3,24,40
s3,25,27
s3,26,25
s3,27,46
s3,28,64
s3,29,53
s3,30,35
s3,31,113
s3,32,114
s3,33,117
s3,34,118
s3,35,132
s3,36,68
s3,37,133
s3,38,38
s3,39,65
s3,40,136
s3,41,69
s3,42,143
s3,43,195
s3,44,245
s3,45,246
s3,46,12
s3,47,250
s3,48,43
s3,49,54
s3,50,253
s3,51,24
s3,52,28
s3,53,30
s4,1,5
s4,2,15
s4,3,20
s4,4,8
s4,5,1
s4,6,9
s4,7,24
s4,8,40
s4,9,72
s4,10,23
s4,11,16
s4,12,21
s4,13,26
s4,14,38
s4,15,27
s4,16,48
s4,17,66
s4,18,53
s4,19,18
s4,20,113
s4,21,114
s4,22,117
s4,23,22
s4,24,118
s4,25,132
s4,26,65
s4,27,133
s4,28,136
s4,29,67
s4,30,143
s4,31,13
s4,32,144
s4,33,42
s4,34,175
s4,35,36
s4,36,179
s4,37,180
s4,38,191
s4,39,245
s4,40,58
s4,41,64
s4,42,246
s4,43,12
s4,44,253
s4,45,44
s4,46,49
s4,47,51
s4,48,274
s5,1,4
s5,2,8
s5,3,24
s5,4,5
s5,5,69
s5,6,83
s5,7,6
s5,8,32
s5,9,42
s5,10,1
s5,11,25
s5,12,62
s5,13,9
s5,14,50
s5,15,95
s5,16,11
s5,17,60
s5,18,91
s5,19,17
s5,20,37
s5,21,18
s5,22,22
s5,23,68
s5,24,23
s5,25,67
s5,26,26
s5,27,41
s5,28,56
s5,29,46
s5,30,88
s5,31,53
s5,32,65
s5,33,113
s5,34,114
s5,35,64
s5,36,117
s5,37,118
s5,38,132
s5,39,63
s5,40,89
s5,41,133
s5,42,136
s5,43,92
s5,44,143
s5,45,195
s5,46,245
s5,47,61
s5,48,246
s5,49,16
s5,50,250
s5,51,79
s5,52,253
s5,53,45
s5,54,49
s5,55,54
s5,56,57
s5,57,259
s5,58,34
s6,1,4
s6,2,19
s6,3,26
s6,4,63
s6,5,71
s6,6,6
s6,7,29
s6,8,56
s6,9,8
s6,10,1
s6,11,27
s6,12,57
s6,13,9
s6,14,83
s6,15,10
s6,16,75
s6,17,11
s6,18,13
s6,19,17
s6,20,7
s6,21,18
s6,22,22
s6,23,31
s6,24,73
s6,25,23
s6,26,14
s6,27,15
s6,28,46
s6,29,53
s6,30,43
s6,31,113
s6,32,12
s6,33,117
s6,34,118
s6,35,133
s6,36,143
s6,37,195
s6,38,245
s6,39,45
s6,40,246
s6,41,250
s6,42,50
s6,43,253
s6,44,36
s6,45,38
s6,46,41
s6,47,259
s6,48,32
s7,1,1
s7,2,18
s7,3,60
s7,4,8
s7,5,4
s7,6,10
s7,7,9
s7,8,57
s7,9,17
s7,10,2
s7,11,22
s7,12,26
s7,13,27
s7,14,28
s7,15,23
s7,16,59
s7,17,35
s7,18,14
s7,19,69
s7,20,55
s7,21,78
s7,22,79
s7,23,110
s7,24,56
s7,25,117
s7,26,118
s7,27,139
s7,28,5
s7,29,143
s7,30,199
s7,31,245
s7,32,34
s7,33,39
s7,34,246
s7,35,6
s7,36,12
s7,37,253
s7,38,15
s7,39,29
s8,1,1
s8,2,48
s8,3,82
s8,4,2
s8,5,28
s8,6,47
s8,7,5
s8,8,13
s8,9,18
s8,10,8
s8,11,19
s8,12,10
s8,13,26
s8,14,75
s8,15,17
s8,16,23
s8,17,7
s8,18,76
s8,19,27
s8,20,61
s8,21,35
s8,22,50
s8,23,36
s8,24,81
s8,25,41
s8,26,16
s8,27,44
s8,28,110
s8,29,117
s8,30,118
s8,31,132
s8,32,79
s8,33,139
s8,34,21
s8,35,73
s8,36,143
s8,37,74
s8,38,199
s8,39,245
s8,40,40
s8,41,246
s8,42,20
s8,43,253
s8,44,25
s8,45,29
s8,46,34
s8,47,262
s8,48,67
s9,1,19
s9,2,50
s9,3,73
s9,4,26
s9,5,35
s9,6,27
s9,7,75
s9,8,31
s9,9,11
s9,10,22
s9,11,2
s9,12,36
s9,13,41
s9,14,30
s9,15,13
s9,16,25
s9,17,78
s9,18,6
s9,19,79
s9,20,110
s9,21,4
s9,22,21
s9,23,114
s9,24,34
s9,25,117
s9,26,1
s9,27,29
s9,28,118
s9,29,120
s9,30,132
s9,31,38
s9,32,40
s9,33,133
s9,34,37
s9,35,55
s9,36,136
s9,37,24
s9,38,139
s9,39,143
s9,40,162
s9,41,7
s9,42,8
s9,43,179
s9,44,180
s9,45,184
s9,46,9
s9,47,189
s9,48,190
s9,49,14
s9,50,210
s9,51,245
s9,52,246
s9,53,33
s9,54,253
s9,55,48
s9,56,255
s9,57,17
s9,58,58
s9,59,66
s9,60,264
s9,61,266
s10,1,2
s10,2,61
s10,3,68
s10,4,5
s10,5,14
s10,6,20
s10,7,8
s10,8,1
s10,9,54
s10,10,9
s10,11,27
s10,12,10
s10,13,47
s10,14,18
s10,15,28
s10,16,17
s10,17,40
s10,18,34
s10,19,19
s10,20,58
s10,21,22
s10,22,23
s10,23,15
s10,24,26
s10,25,4
s10,26,16
s10,27,37
s10,28,31
s10,29,50
s10,30,35
s10,31,45
s10,32,41
s10,33,132
s10,34,30
s10,35,38
s10,36,133
s10,37,42
s10,38,49
s10,39,136
s10,40,21
s10,41,144
s10,42,55
s10,43,245
s10,44,24
s10,45,29
s10,46,246
s10,47,33
s10,48,253
s10,49,51
s10,50,256
s10,51,266
s10,52,39
s10,53,43
s11,1,10
s11,2,33
s11,3,50
s11,4,62
s11,5,87
s11,6,17
s11,7,24
s11,8,60
s11,9,18
s11,10,56
s11,11,92
s11,12,19
s11,13,22
s11,14,12
s11,15,48
s11,16,26
s11,17,1
s11,18,49
s11,19,27
s11,20,37
s11,21,65
s11,22,81
s11,23,41
s11,24,45
s11,25,51
s11,26,44
s11,27,58
s11,28,110
s11,29,6
s11,30,47
s11,31,113
s11,32,55
s11,33,117
s11,34,120
s11,35,11
s11,36,132
s11,37,133
s11,38,57
s11,39,72
s11,40,139
s11,41,143
s11,42,52
s11,43,144
s11,44,77
s11,45,218
s11,46,245
s11,47,76
s11,48,246
s11,49,54
s11,50,253
s11,51,68
s11,52,73
s11,53,259
s11,54,64
s11,55,261
s11,56,262
s11,57,82
s11,58,86
s12,1,11
s12,2,21
s12,3,63
s12,4,17
s12,5,18
s12,6,66
s12,7,20
s12,8,50
s12,9,60
s12,10,22
s12,11,12
s12,12,39
s12,13,23
s12,14,1
s12,15,2
s12,16,26
s12,17,3
s12,18,40
s12,19,27
s12,20,37
s12,21,44
s12,22,41
s12,23,110
s12,24,36
s12,25,114
s12,26,47
s12,27,117
s12,28,120
s12,29,6
s12,30,121
s12,31,13
s12,32,19
s12,33,132
s12,34,133
s12,35,48
s12,36,58
s12,37,136
s12,38,45
s12,39,139
s12,40,143
s12,41,144
s12,42,62
s12,43,205
s12,44,245
s12,45,31
s12,46,246
s12,47,253
s12,48,266
s12,49,46
s13,1,4
s13,2,15
s13,3,66
s13,4,8
s13,5,1
s13,6,9
s13,7,71
s13,8,11
s13,9,5
s13,10,69
s13,11,17
s13,12,18
s13,13,22
s13,14,20
s13,15,23
s13,16,29
s13,17,26
s13,18,21
s13,19,27
s13,20,46
s13,21,39
s13,22,53
s13,23,37
s13,24,113
s13,25,117
s13,26,118
s13,27,133
s13,28,136
s13,29,143
s13,30,195
s13,31,245
s13,32,35
s13,33,246
s13,34,14
s13,35,250
s13,36,50
s13,37,58
s13,38,253
s13,39,28
s13,40,31
s13,41,256
s13,42,40
s13,43,45
s14,1,1
s14,2,64
s14,3,65
s14,4,4
s14,5,11
s14,6,46
s14,7,8
s14,8,58
s14,9,9
s14,10,53
s14,11,10
s14,12,32
s14,13,60
s14,14,17
s14,15,30
s14,16,18
s14,17,22
s14,18,61
s14,19,26
s14,20,27
s14,21,28
s14,22,52
s14,23,59
s14,24,33
s14,25,57
s14,26,29
s14,27,113
s14,28,117
s14,29,118
s14,30,133
s14,31,136
s14,32,137
s14,33,195
s14,34,245
s14,35,246
s14,36,14
s14,37,250
s14,38,43
s14,39,51
s14,40,253
s14,41,21
s14,42,23
s14,43,256
s14,44,34
s14,45,38
s15,1,1
s15,2,67
s15,3,68
s15,4,4
s15,5,32
s15,6,46
s15,7,5
s15,8,13
s15,9,31
s15,10,8
s15,11,60
s15,12,9
s15,13,53
s15,14,10
s15,15,34
s15,16,61
s15,17,17
s15,18,29
s15,19,18
s15,20,22
s15,21,7
s15,22,64
s15,23,26
s15,24,27
s15,25,28
s15,26,52
s15,27,35
s15,28,59
s15,29,30
s15,30,113
s15,31,117
s15,32,118
s15,33,132
s15,34,65
s15,35,133
s15,36,136
s15,37,66
s15,38,137
s15,39,195
s15,40,245
s15,41,246
s15,42,15
s15,43,250
s15,44,43
s15,45,51
s15,46,253
s15,47,24
s15,48,256
s15,49,39
s16,1,1
s16,2,105
s16,3,106
s16,4,2
s16,5,51
s16,6,60
s16,7,5
s16,8,12
s16,9,29
s16,10,71
s16,11,83
s16,12,8
s16,13,30
s16,14,67
s16,15,90
s16,16,9
s16,17,64
s16,18,86
s16,19,11
s16,20,31
s16,21,61
s16,22,92
s16,23,17
s16,24,24
s16,25,18
s16,26,19
s16,27,76
s16,28,22
s16,29,14
s16,30,26
s16,31,38
s16,32,73
s16,33,93
s16,34,42
s16,35,62
s16,36,110
s16,37,4
s16,38,59
s16,39,114
s16,40,117
s16,41,123
s16,42,6
s16,43,132
s16,44,136
s16,45,65
s16,46,139
s16,47,143
s16,48,144
s16,49,218
s16,50,245
s16,51,49
s16,52,55
s16,53,84
s16,54,89
s16,55,246
s16,56,20
s16,57,247
s16,58,98
s16,59,249
s16,60,253
s16,61,32
s16,62,74
s16,63,81
s16,64,259
s16,65,69
s17,1,1
s17,2,37
s17,3,40
s17,4,85
s17,5,110
s17,6,3
s17,7,117
s17,8,125
s17,9,4
s17,10,16
s17,11,25
s17,12,5
s17,13,53
s17,14,69
s17,15,8
s17,16,2
s17,17,26
s17,18,49
s17,19,70
s17,20,111
s17,21,9
s17,22,45
s17,23,11
s17,24,50
s17,25,112
s17,26,17
s17,27,46
s17,28,18
s17,29,20
s17,30,54
s17,31,57
s17,32,21
s17,33,65
s17,34,113
s17,35,22
s17,36,41
s17,37,58
s17,38,27
s17,39,28
s17,40,43
s17,41,6
s17,42,114
s17,43,118
s17,44,120
s17,45,38
s17,46,132
s17,47,39
s17,48,133
s17,49,44
s17,50,72
s17,51,139
s17,52,143
s17,53,144
s17,54,83
s17,55,218
s17,56,245
s17,57,32
s17,58,35
s17,59,99
s17,60,104
s17,61,246
s17,62,14
s17,63,249
s17,64,63
s17,65,66
s17,66,253
s17,67,23
s17,68,55
s17,69,256
s17,70,75
s17,71,257
s17,72,89
s17,73,92
s17,74,259
s18,1,1
s18,2,78
s18,3,94
s18,4,3
s18,5,99
s18,6,111
s18,7,4
s18,8,17
s18,9,19
s18,10,47
s18,11,57
s18,12,8
s18,13,42
s18,14,72
s18,15,95
s18,16,9
s18,17,60
s18,18,10
s18,19,49
s18,20,97
s18,21,11
s18,22,40
s18,23,13
s18,24,45
s18,25,18
s18,26,108
s18,27,46
s18,28,23
s18,29,36
s18,30,26
s18,31,2
s18,32,37
s18,33,27
s18,34,107
s18,35,41
s18,36,31
s18,37,110
s18,38,6
s18,39,30
s18,40,114
s18,41,117
s18,42,120
s18,43,132
s18,44,32
s18,45,34
s18,46,133
s18,47,66
s18,48,136
s18,49,35
s18,50,139
s18,51,20
s18,52,29
s18,53,143
s18,54,16
s18,55,144
s18,56,76
s18,57,218
s18,58,245
s18,59,25
s18,60,92
s18,61,246
s18,62,7
s18,63,14
s18,64,77
s18,65,249
s18,66,56
s18,67,253
s18,68,21
s18,69,50
s18,70,256
s18,71,62
s18,72,68
s18,73,257
s18,74,83
s18,75,84
s18,76,259
s18,77,43
s19,1,1
s19,2,120
s19,3,121
s19,4,2
s19,5,24
s19,6,61
s19,7,4
s19,8,7
s19,9,17
s19,10,8
s19,11,18
s19,12,113
s19,13,9
s19,14,67
s19,15,10
s19,16,98
s19,17,101
s19,18,11
s19,19,73
s19,20,76
s19,21,14
s19,22,78
s19,23,87
s19,24,15
s19,25,69
s19,26,77
s19,27,88
s19,28,65
s19,29,107
s19,30,19
s19,31,91
s19,32,20
s19,33,111
s19,34,112
s19,35,22
s19,36,79
s19,37,23
s19,38,13
s19,39,99
s19,40,103
s19,41,26
s19,42,70
s19,43,80
s19,44,92
s19,45,104
s19,46,27
s19,47,117
s19,48,28
s19,49,37
s19,50,30
s19,51,38
s19,52,31
s19,53,56
s19,54,93
s19,55,110
s19,56,60
s19,57,114
s19,58,62
s19,59,127
s19,60,97
s19,61,132
s19,62,64
s19,63,133
s19,64,68
s19,65,89
s19,66,137
s19,67,95
s19,68,139
s19,69,16
s19,70,143
s19,71,90
s19,72,172
s19,73,83
s19,74,181
s19,75,102
s19,76,219
s19,77,223
s19,78,63
s19,79,245
s19,80,39
s19,81,108
s19,82,246
s19,83,12
s19,84,253
s19,85,259
s19,86,29
s19,87,71
s19,88,260
s19,89,81
s20,1,1
s20,2,34
s20,3,52
s20,4,8
s20,5,24
s20,6,9
s20,7,58
s20,8,11
s20,9,66
s20,10,75
s20,11,14
s20,12,53
s20,13,56
s20,14,17
s20,15,49
s20,16,57
s20,17,18
s20,18,82
s20,19,22
s20,20,51
s20,21,26
s20,22,27
s20,23,61
s20,24,38
s20,25,63
s20,26,77
s20,27,67
s20,28,80
s20,29,87
s20,30,78
s20,31,64
s20,32,110
s20,33,5
s20,34,48
s20,35,114
s20,36,117
s20,37,132
s20,38,55
s20,39,133
s20,40,139
s20,41,50
s20,42,143
s20,43,219
s20,44,245
s20,45,15
s20,46,20
s20,47,35
s20,48,79
s20,49,246
s20,50,59
s20,51,62
s20,52,247
s20,53,253
s20,54,25
s20,55,28
s20,56,71
s20,57,255
s20,58,86
s20,59,259
s20,60,68
s21,1,4
s21,2,18
s21,3,27
s21,4,5
s21,5,7
s21,6,17
s21,7,8
s21,8,1
s21,9,9
s21,10,34
s21,11,20
s21,12,52
s21,13,60
s21,14,22
s21,15,26
s21,16,24
s21,17,33
s21,18,36
s21,19,37
s21,20,64
s21,21,110
s21,22,114
s21,23,39
s21,24,117
s21,25,132
s21,26,35
s21,27,40
s21,28,139
s21,29,143
s21,30,25
s21,31,209
s21,32,245
s21,33,16
s21,34,30
s21,35,51
s21,36,59
s21,37,253
s21,38,42
s21,39,45
s21,40,257
s22,1,4
s22,2,7
s22,3,33
s22,4,8
s22,5,1
s22,6,9
s22,7,39
s22,8,11
s22,9,6
s22,10,38
s22,11,17
s22,12,18
s22,13,41
s22,14,20
s22,15,56
s22,16,66
s22,17,22
s22,18,23
s22,19,10
s22,20,32
s22,21,26
s22,22,5
s22,23,40
s22,24,68
s22,25,42
s22,26,78
s22,27,34
s22,28,79
s22,29,48
s22,30,111
s22,31,27
s22,32,37
s22,33,114
s22,34,46
s22,35,117
s22,36,19
s22,37,118
s22,38,132
s22,39,44
s22,40,137
s22,41,143
s22,42,45
s22,43,144
s22,44,25
s22,45,214
s22,46,245
s22,47,15
s22,48,52
s22,49,64
s22,50,253
s22,51,257
s22,52,29
s23,1,1
s23,2,70
s23,3,73
s23,4,5
s23,5,28
s23,6,38
s23,7,8
s23,8,21
s23,9,61
s23,10,9
s23,11,44
s23,12,14
s23,13,40
s23,14,48
s23,15,17
s23,16,37
s23,17,18
s23,18,60
s23,19,22
s23,20,35
s23,21,46
s23,22,23
s23,23,27
s23,24,26
s23,25,57
s23,26,45
s23,27,47
s23,28,39
s23,29,36
s23,30,68
s23,31,50
s23,32,78
s23,33,79
s23,34,59
s23,35,114
s23,36,132
s23,37,11
s23,38,49
s23,39,51
s23,40,133
s23,41,7
s23,42,52
s23,43,55
s23,44,136
s23,45,12
s23,46,20
s23,47,137
s23,48,143
s23,49,144
s23,50,245
s23,51,13
s23,52,42
s23,53,54
s23,54,65
s23,55,253
s23,56,24
s23,57,257
s23,58,259
s23,59,19
s24,1,4
s24,2,19
s24,3,92
s24,4,8
s24,5,1
s24,6,9
s24,7,98
s24,8,11
s24,9,49
s24,10,57
s24,11,71
s24,12,94
s24,13,17
s24,14,46
s24,15,69
s24,16,18
s24,17,60
s24,18,22
s24,19,53
s24,20,23
s24,21,61
s24,22,26
s24,23,54
s24,24,62
s24,25,90
s24,26,56
s24,27,113
s24,28,20
s24,29,93
s24,30,117
s24,31,118
s24,32,132
s24,33,95
s24,34,133
s24,35,143
s24,36,195
s24,37,245
s24,38,30
s24,39,44
s24,40,75
s24,41,82
s24,42,250
s24,43,253
s24,44,55
s24,45,58
s24,46,257
s24,47,36
s24,48,37
s24,49,259
s24,50,51
s24,51,52
s24,52,262
s24,53,85
s24,54,88
s25,1,1
s25,2,38
s25,3,39
s25,4,8
s25,5,31
s25,6,13
s25,7,4
s25,8,17
s25,9,22
s25,10,3
s25,11,26
s25,12,27
s25,13,114
s25,14,137
s25,15,144
s25,16,245
s25,17,5
s25,18,24
s25,19,32
s25,20,253
s25,21,10
s25,22,18
s26,1,1
s26,2,57
s26,3,58
s26,4,2
s26,5,36
s26,6,51
s26,7,8
s26,8,24
s26,9,52
s26,10,13
s26,11,29
s26,12,17
s26,13,14
s26,14,18
s26,15,22
s26,16,26
s26,17,5
s26,18,27
s26,19,31
s26,20,35
s26,21,113
s26,22,32
s26,23,43
s26,24,114
s26,25,46
s26,26,117
s26,27,44
s26,28,127
s26,29,34
s26,30,41
s26,31,132
s26,32,25
s26,33,133
s26,34,30
s26,35,137
s26,36,143
s26,37,144
s26,38,48
s26,39,145
s26,40,168
s26,41,33
s26,42,245
s26,43,12
s26,44,16
s26,45,49
s26,46,253
s26,47,42
s27,1,1
s27,2,16
s27,3,24
s27,4,56
s27,5,60
s27,6,8
s27,7,50
s27,8,13
s27,9,9
s27,10,45
s27,11,14
s27,12,46
s27,13,57
s27,14,17
s27,15,5
s27,16,18
s27,17,22
s27,18,10
s27,19,55
s27,20,23
s27,21,2
s27,22,26
s27,23,3
s27,24,27
s27,25,31
s27,26,33
s27,27,39
s27,28,35
s27,29,29
s27,30,36
s27,31,42
s27,32,113
s27,33,15
s27,34,32
s27,35,115
s27,36,38
s27,37,117
s27,38,7
s27,39,120
s27,40,41
s27,41,133
s27,42,143
s27,43,6
s27,44,28
s27,45,144
s27,46,43
s27,47,145
s27,48,37
s27,49,149
s27,50,150
s27,51,245
s27,52,44
s27,53,247
s27,54,253
s27,55,19
s27,56,264
s28,1,1
s28,2,35
s28,3,70
s28,4,2
s28,5,27
s28,6,32
s28,7,3
s28,8,77
s28,9,89
s28,10,8
s28,11,19
s28,12,33
s28,13,71
s28,14,10
s28,15,24
s28,16,17
s28,17,16
s28,18,18
s28,19,80
s28,20,22
s28,21,11
s28,22,23
s28,23,4
s28,24,26
s28,25,5
s28,26,81
s28,27,110
s28,28,117
s28,29,118
s28,30,132
s28,31,7
s28,32,136
s28,33,73
s28,34,139
s28,35,14
s28,36,143
s28,37,199
s28,38,245
s28,39,15
s28,40,38
s28,41,40
s28,42,247
s28,43,45
s28,44,50
s28,45,253
s28,46,29
s28,47,259
s28,48,21
s28,49,262
s28,50,61
s28,51,69
s28,52,264
s29,1,1
s29,2,27
s29,3,70
s29,4,3
s29,5,81
s29,6,82
s29,7,8
s29,8,17
s29,9,71
s29,10,11
s29,11,24
s29,12,19
s29,13,18
s29,14,22
s29,15,12
s29,16,23
s29,17,7
s29,18,26
s29,19,110
s29,20,10
s29,21,117
s29,22,118
s29,23,120
s29,24,29
s29,25,32
s29,26,39
s29,27,43
s29,28,139
s29,29,16
s29,30,143
s29,31,144
s29,32,78
s29,33,199
s29,34,245
s29,35,15
s29,36,40
s29,37,41
s29,38,247
s29,39,44
s29,40,46
s29,41,248
s29,42,35
s29,43,37
s29,44,253
s29,45,262
s29,46,54
s29,47,64
s29,48,266
s29,49,21
s30,1,1
s30,2,31
s30,3,37
s30,4,3
s30,5,46
s30,6,47
s30,7,8
s30,8,26
s30,9,38
s30,10,11
s30,11,27
s30,12,36
s30,13,13
s30,14,6
s30,15,17
s30,16,14
s30,17,18
s30,18,43
s30,19,19
s30,20,22
s30,21,12
s30,22,39
s30,23,5
s30,24,113
s30,25,117
s30,26,132
s30,27,4
s30,28,15
s30,29,136
s30,30,137
s30,31,138
s30,32,143
s30,33,16
s30,34,35
s30,35,144
s30,36,30
s30,37,245
s30,38,253
s30,39,21
s30,40,23
s30,41,258
s30,42,7
s31,1,2
s31,2,23
s31,3,25
s31,4,8
s31,5,17
s31,6,9
s31,7,31
s31,8,11
s31,9,30
s31,10,41
s31,11,13
s31,12,18
s31,13,1
s31,14,19
s31,15,27
s31,16,22
s31,17,7
s31,18,10
s31,19,26
s31,20,39
s31,21,12
s31,22,44
s31,23,114
s31,24,118
s31,25,132
s31,26,24
s31,27,133
s31,28,138
s31,29,143
s31,30,245
s31,31,253
s31,32,28
s31,33,258
s32,1,4
s32,2,19
s32,3,60
s32,4,8
s32,5,12
s32,6,9
s32,7,68
s32,8,22
s32,9,16
s32,10,23
s32,11,17
s32,12,64
s32,13,26
s32,14,1
s32,15,27
s32,16,46
s32,17,35
s32,18,59
s32,19,53
s32,20,31
s32,21,113
s32,22,7
s32,23,117
s32,24,118
s32,25,132
s32,26,2
s32,27,63
s32,28,66
s32,29,133
s32,30,62
s32,31,136
s32,32,67
s32,33,195
s32,34,245
s32,35,33
s32,36,34
s32,37,250
s32,38,40
s32,39,43
s32,40,253
s32,41,25
s32,42,258
s32,43,14
s32,44,264
s32,45,29
s32,46,30
s33,1,1
s33,2,84
s33,3,112
s33,4,2
s33,5,35
s33,6,68
s33,7,8
s33,8,21
s33,9,69
s33,10,10
s33,11,33
s33,12,36
s33,13,60
s33,14,64
s33,15,11
s33,16,85
s33,17,13
s33,18,22
s33,19,14
s33,20,49
s33,21,50
s33,22,76
s33,23,77
s33,24,17
s33,25,23
s33,26,37
s33,27,65
s33,28,18
s33,29,111
s33,30,19
s33,31,26
s33,32,27
s33,33,87
s33,34,48
s33,35,104
s33,36,53
s33,37,113
s33,38,20
s33,39,117
s33,40,132
s33,41,54
s33,42,58
s33,43,62
s33,44,71
s33,45,136
s33,46,59
s33,47,61
s33,48,66
s33,49,70
s33,50,78
s33,51,137
s33,52,52
s33,53,141
s33,54,143
s33,55,186
s33,56,45
s33,57,189
s33,58,38
s33,59,191
s33,60,245
s33,61,12
s33,62,41
s33,63,252
s33,64,30
s33,65,253
s33,66,258
s33,67,16
s33,68,262
s34,1,5
s34,2,18
s34,3,55
s34,4,8
s34,5,12
s34,6,9
s34,7,61
s34,8,10
s34,9,58
s34,10,11
s34,11,14
s34,12,17
s34,13,1
s34,14,15
s34,15,22
s34,16,60
s34,17,26
s34,18,46
s34,19,56
s34,20,53
s34,21,113
s34,22,117
s34,23,118
s34,24,62
s34,25,132
s34,26,57
s34,27,133
s34,28,146
s34,29,195
s34,30,245
s34,31,13
s34,32,27
s34,33,31
s34,34,250
s34,35,35
s34,36,43
s34,37,253
s34,38,23
s34,39,24
s34,40,258
s34,41,262
s34,42,45
s34,43,49
s35,1,10
s35,2,3
s35,3,7
s35,4,34
s35,5,36
s35,6,53
s35,7,59
s35,8,11
s35,9,8
s35,10,12
s35,11,37
s35,12,46
s35,13,69
s35,14,74
s35,15,13
s35,16,19
s35,17,22
s35,18,17
s35,19,1
s35,20,23
s35,21,47
s35,22,60
s35,23,48
s35,24,20
s35,25,113
s35,26,132
s35,27,73
s35,28,133
s35,29,72
s35,30,171
s35,31,179
s35,32,191
s35,33,245
s35,34,65
s35,35,246
s35,36,38
s35,37,43
s35,38,247
s35,39,252
s35,40,21
s35,41,27
s35,42,253
s35,43,35
s35,44,257
s35,45,49
s35,46,262
s35,47,71
s36,1,5
s36,2,14
s36,3,33
s36,4,8
s36,5,1
s36,6,9
s36,7,36
s36,8,11
s36,9,4
s36,10,29
s36,11,41
s36,12,67
s36,13,17
s36,14,38
s36,15,18
s36,16,35
s36,17,72
s36,18,22
s36,19,32
s36,20,23
s36,21,16
s36,22,26
s36,23,27
s36,24,37
s36,25,46
s36,26,69
s36,27,53
s36,28,110
s36,29,114
s36,30,40
s36,31,73
s36,32,117
s36,33,34
s36,34,132
s36,35,65
s36,36,133
s36,37,55
s36,38,136
s36,39,68
s36,40,139
s36,41,7
s36,42,143
s36,43,144
s36,44,57
s36,45,171
s36,46,179
s36,47,191
s36,48,209
s36,49,245
s36,50,24
s36,51,246
s36,52,247
s36,53,39
s36,54,252
s36,55,42
s36,56,48
s36,57,253
s36,58,56
s36,59,63
s36,60,257
s36,61,20
s36,62,21
s37,1,2
s37,2,1
s37,3,29
s37,4,37
s37,5,4
s37,6,15
s37,7,20
s37,8,5
s37,9,41
s37,10,66
s37,11,8
s37,12,21
s37,13,38
s37,14,9
s37,15,73
s37,16,10
s37,17,34
s37,18,11
s37,19,14
s37,20,31
s37,21,48
s37,22,17
s37,23,12
s37,24,32
s37,25,43
s37,26,18
s37,27,19
s37,28,55
s37,29,22
s37,30,26
s37,31,46
s37,32,45
s37,33,53
s37,34,42
s37,35,69
s37,36,35
s37,37,40
s37,38,23
s37,39,78
s37,40,3
s37,41,24
s37,42,79
s37,43,110
s37,44,7
s37,45,33
s37,46,114
s37,47,117
s37,48,120
s37,49,132
s37,50,71
s37,51,136
s37,52,39
s37,53,68
s37,54,139
s37,55,143
s37,56,171
s37,57,191
s37,58,210
s37,59,245
s37,60,27
s37,61,246
s37,62,247
s37,63,252
s37,64,47
s37,65,253
s37,66,59
s37,67,65
s37,68,257
s38,1,2
s38,2,1
s38,3,11
s38,4,9
s38,5,20
s38,6,14
s38,7,8
s38,8,31
s38,9,40
s38,10,17
s38,11,24
s38,12,18
s38,13,10
s38,14,43
s38,15,27
s38,16,23
s38,17,26
s38,18,12
s38,19,35
s38,20,36
s38,21,16
s38,22,84
s38,23,7
s38,24,88
s38,25,89
s38,26,111
s38,27,114
s38,28,117
s38,29,120
s38,30,6
s38,31,133
s38,32,144
s38,33,145
s38,34,3
s38,35,149
s38,36,150
s38,37,162
s38,38,4
s38,39,179
s38,40,180
s38,41,13
s38,42,184
s38,43,190
s38,44,209
s38,45,237
s38,46,245
s38,47,32
s38,48,246
s38,49,247
s38,50,257
s38,51,28
s39,1,1
s39,2,34
s39,3,56
s39,4,4
s39,5,27
s39,6,29
s39,7,8
s39,8,18
s39,9,30
s39,10,13
s39,11,39
s39,12,52
s39,13,14
s39,14,9
s39,15,12
s39,16,17
s39,17,32
s39,18,16
s39,19,19
s39,20,49
s39,21,22
s39,22,5
s39,23,11
s39,24,26
s39,25,2
s39,26,35
s39,27,31
s39,28,71
s39,29,42
s39,30,50
s39,31,78
s39,32,79
s39,33,84
s39,34,88
s39,35,89
s39,36,111
s39,37,23
s39,38,113
s39,39,10
s39,40,114
s39,41,117
s39,42,120
s39,43,7
s39,44,133
s39,45,139
s39,46,143
s39,47,144
s39,48,145
s39,49,6
s39,50,149
s39,51,150
s39,52,162
s39,53,179
s39,54,180
s39,55,184
s39,56,189
s39,57,190
s39,58,245
s39,59,246
s39,60,247
s39,61,257
s39,62,24
s39,63,25
s40,1,1
s40,2,50
s40,3,3
s40,4,51
s40,5,59
s40,6,10
s40,7,17
s40,8,18
s40,9,22
s40,10,27
s40,11,110
s40,12,54
s40,13,118
s40,14,124
s40,15,139
s40,16,52
s40,17,144
s40,18,57
s40,19,199
s40,20,245
s40,21,26
s40,22,32
s40,23,36
s40,24,246
s40,25,12
s40,26,247
s40,27,4
s40,28,257
s40,29,21
s40,30,262
s40,31,42
s41,1,11
s41,2,36
s41,3,58
s41,4,13
s41,5,7
s41,6,17
s41,7,2
s41,8,30
s41,9,18
s41,10,26
s41,11,60
s41,12,23
s41,13,1
s41,14,47
s41,15,34
s41,16,57
s41,17,53
s41,18,29
s41,19,113
s41,20,117
s41,21,118
s41,22,120
s41,23,3
s41,24,10
s41,25,24
s41,26,133
s41,27,195
s41,28,245
s41,29,247
s41,30,21
s41,31,22
s41,32,250
s41,33,35
s41,34,40
s41,35,257
s41,36,262
s41,37,43
s41,38,49
s42,1,1
s42,2,50
s42,3,60
s42,4,2
s42,5,8
s42,6,30
s42,7,49
s42,8,27
s42,9,9
s42,10,12
s42,11,11
s42,12,13
s42,13,14
s42,14,28
s42,15,17
s42,16,15
s42,17,18
s42,18,58
s42,19,19
s42,20,22
s42,21,23
s42,22,10
s42,23,26
s42,24,57
s42,25,31
s42,26,35
s42,27,36
s42,28,73
s42,29,20
s42,30,78
s42,31,79
s42,32,34
s42,33,84
s42,34,16
s42,35,88
s42,36,89
s42,37,110
s42,38,114
s42,39,32
s42,40,117
s42,41,118
s42,42,21
s42,43,120
s42,44,6
s42,45,136
s42,46,51
s42,47,139
s42,48,7
s42,49,143
s42,50,144
s42,51,163
s42,52,209
s42,53,245
s42,54,42
s42,55,55
s42,56,246
s42,57,38
s42,58,247
s42,59,257
s42,60,29
s42,61,273
s43,1,19
s43,2,27
s43,3,38
s43,4,53
s43,5,78
s43,6,26
s43,7,18
s43,8,50
s43,9,43
s43,10,41
s43,11,33
s43,12,44
s43,13,17
s43,14,48
s43,15,79
s43,16,42
s43,17,113
s43,18,1
s43,19,132
s43,20,16
s43,21,20
s43,22,63
s43,23,66
s43,24,76
s43,25,133
s43,26,15
s43,27,21
s43,28,62
s43,29,67
s43,30,75
s43,31,146
s43,32,4
s43,33,149
s43,34,245
s43,35,13
s43,36,56
s43,37,246
s43,38,57
s43,39,64
s43,40,253
s43,41,40
s43,42,45
s43,43,258
s43,44,28
s43,45,262
s44,1,19
s44,2,41
s44,3,44
s44,4,20
s44,5,62
s44,6,78
s44,7,22
s44,8,8
s44,9,29
s44,10,26
s44,11,1
s44,12,30
s44,13,58
s44,14,27
s44,15,49
s44,16,48
s44,17,39
s44,18,76
s44,19,53
s44,20,110
s44,21,21
s44,22,113
s44,23,14
s44,24,81
s44,25,117
s44,26,15
s44,27,133
s44,28,13
s44,29,37
s44,30,136
s44,31,77
s44,32,139
s44,33,18
s44,34,141
s44,35,28
s44,36,36
s44,37,143
s44,38,23
s44,39,214
s44,40,245
s44,41,47
s44,42,55
s44,43,246
s44,44,4
s44,45,59
s44,46,66
s44,47,253
s44,48,42
s44,49,45
s44,50,257
s44,51,258
s44,52,33
s44,53,262
s44,54,70
s44,55,79
s45,1,22
s45,2,5
s45,3,14
s45,4,33
s45,5,24
s45,6,15
s45,7,21
s45,8,26
s45,9,1
s45,10,31
s45,11,35
s45,12,13
s45,13,36
s45,14,41
s45,15,9
s45,16,27
s45,17,44
s45,18,113
s45,19,20
s45,20,114
s45,21,12
s45,22,55
s45,23,120
s45,24,16
s45,25,132
s45,26,133
s45,27,19
s45,28,137
s45,29,7
s45,30,141
s45,31,8
s45,32,144
s45,33,146
s45,34,149
s45,35,150
s45,36,32
s45,37,163
s45,38,17
s45,39,245
s45,40,246
s45,41,2
s45,42,253
s45,43,258
s45,44,10
s45,45,262
s45,46,48
s45,47,52
s46,1,14
s46,2,31
s46,3,57
s46,4,17
s46,5,12
s46,6,23
s46,7,10
s46,8,26
s46,9,5
s46,10,41
s46,11,18
s46,12,33
s46,13,44
s46,14,1
s46,15,45
s46,16,113
s46,17,126
s46,18,35
s46,19,132
s46,20,4
s46,21,133
s46,22,40
s46,23,136
s46,24,24
s46,25,32
s46,26,137
s46,27,141
s46,28,143
s46,29,13
s46,30,245
s46,31,42
s46,32,43
s46,33,48
s46,34,52
s46,35,246
s46,36,8
s46,37,253
s46,38,259
s46,39,21
s46,40,25
s47,1,1
s47,2,48
s47,3,65
s47,4,2
s47,5,41
s47,6,47
s47,7,8
s47,8,38
s47,9,13
s47,10,36
s47,11,14
s47,12,15
s47,13,17
s47,14,5
s47,15,24
s47,16,18
s47,17,56
s47,18,22
s47,19,52
s47,20,26
s47,21,4
s47,22,27
s47,23,58
s47,24,114
s47,25,136
s47,26,49
s47,27,171
s47,28,9
s47,29,245
s47,30,253
s47,31,29
s47,32,33
s47,33,259
s47,34,21
s47,35,23
s48,1,1
s48,2,49
s48,3,54
s48,4,2
s48,5,42
s48,6,45
s48,7,8
s48,8,34
s48,9,46
s48,10,20
s48,11,27
s48,12,48
s48,13,26
s48,14,23
s48,15,53
s48,16,15
s48,17,113
s48,18,132
s48,19,14
s48,20,22
s48,21,133
s48,22,32
s48,23,143
s48,24,12
s48,25,144
s48,26,35
s48,27,191
s48,28,245
s48,29,41
s48,30,252
s48,31,24
s48,32,253
s48,33,33
s48,34,36
s48,35,259
s48,36,19
s49,1,10
s49,2,20
s49,3,22
s49,4,11
s49,5,26
s49,6,52
s49,7,15
s49,8,13
s49,9,17
s49,10,4
s49,11,14
s49,12,23
s49,13,19
s49,14,49
s49,15,27
s49,16,53
s49,17,48
s49,18,5
s49,19,113
s49,20,8
s49,21,117
s49,22,1
s49,23,132
s49,24,50
s49,25,51
s49,26,133
s49,27,12
s49,28,28
s49,29,143
s49,30,144
s49,31,32
s49,32,191
s49,33,245
s49,34,9
s49,35,40
s49,36,253
s49,37,31
s49,38,35
s49,39,266
s49,40,24
s50,1,4
s50,2,14
s50,3,51
s50,4,8
s50,5,2
s50,6,9
s50,7,59
s50,8,11
s50,9,32
s50,10,52
s50,11,17
s50,12,28
s50,13,18
s50,14,56
s50,15,22
s50,16,26
s50,17,1
s50,18,46
s50,19,54
s50,20,53
s50,21,113
s50,22,33
s50,23,114
s50,24,117
s50,25,29
s50,26,118
s50,27,132
s50,28,55
s50,29,58
s50,30,133
s50,31,134
s50,32,143
s50,33,30
s50,34,146
s50,35,34
s50,36,40
s50,37,149
s50,38,195
s50,39,245
s50,40,42
s50,41,45
s50,42,246
s50,43,15
s50,44,253
s50,45,27
s50,46,257
s50,47,35
s50,48,38
s50,49,259
s50,50,21
s50,51,23
s50,52,262
s51,1,2
s51,2,12
s51,3,17
s51,4,4
s51,5,36
s51,6,47
s51,7,8
s51,8,27
s51,9,9
s51,10,55
s51,11,11
s51,12,32
s51,13,54
s51,14,30
s51,15,18
s51,16,56
s51,17,22
s51,18,1
s51,19,41
s51,20,46
s51,21,33
s51,22,53
s51,23,113
s51,24,114
s51,25,28
s51,26,48
s51,27,117
s51,28,29
s51,29,132
s51,30,133
s51,31,134
s51,32,16
s51,33,143
s51,34,195
s51,35,245
s51,36,42
s51,37,246
s51,38,7
s51,39,13
s51,40,253
s51,41,25
s51,42,257
s51,43,35
s51,44,39
s51,45,262
s51,46,267
s52,1,2
s52,2,25
s52,3,31
s52,4,4
s52,5,14
s52,6,21
s52,7,36
s52,8,45
s52,9,8
s52,10,22
s52,11,32
s52,12,9
s52,13,56
s52,14,11
s52,15,35
s52,16,17
s52,17,1
s52,18,28
s52,19,49
s52,20,46
s52,21,53
s52,22,113
s52,23,34
s52,24,114
s52,25,27
s52,26,117
s52,27,133
s52,28,24
s52,29,33
s52,30,44
s52,31,135
s52,32,43
s52,33,141
s52,34,23
s52,35,195
s52,36,245
s52,37,246
s52,38,6
s52,39,16
s52,40,253
s52,41,257
s52,42,37
s52,43,41
s52,44,262
s52,45,50
s53,1,2
s53,2,25
s53,3,29
s53,4,4
s53,5,1
s53,6,5
s53,7,8
s53,8,21
s53,9,9
s53,10,12
s53,11,35
s53,12,11
s53,13,13
s53,14,28
s53,15,32
s53,16,17
s53,17,10
s53,18,18
s53,19,20
s53,20,23
s53,21,26
s53,22,41
s53,23,44
s53,24,110
s53,25,111
s53,26,114
s53,27,14
s53,28,117
s53,29,143
s53,30,144
s53,31,34
s53,32,36
s53,33,209
s53,34,245
s53,35,6
s53,36,27
s53,37,253
s54,1,1
s54,2,27
s54,3,34
s54,4,2
s54,5,49
s54,6,60
s54,7,4
s54,8,8
s54,9,9
s54,10,10
s54,11,35
s54,12,68
s54,13,47
s54,14,13
s54,15,23
s54,16,36
s54,17,67
s54,18,69
s54,19,17
s54,20,15
s54,21,37
s54,22,61
s54,23,18
s54,24,80
s54,25,31
s54,26,19
s54,27,30
s54,28,42
s54,29,41
s54,30,11
s54,31,39
s54,32,48
s54,33,53
s54,34,110
s54,35,51
s54,36,56
s54,37,117
s54,38,5
s54,39,46
s54,40,118
s54,41,64
s54,42,132
s54,43,139
s54,44,33
s54,45,141
s54,46,7
s54,47,143
s54,48,181
s54,49,62
s54,50,191
s54,51,209
s54,52,212
s54,53,245
s54,54,29
s54,55,247
s54,56,58
s54,57,252
s54,58,79
s54,59,253
s54,60,21
s54,61,261
s54,62,43
s54,63,45
s55,1,10
s55,2,38
s55,3,41
s55,4,13
s55,5,19
s55,6,24
s55,7,17
s55,8,6
s55,9,25
s55,10,18
s55,11,48
s55,12,23
s55,13,1
s55,14,14
s55,15,27
s55,16,22
s55,17,50
s55,18,53
s55,19,4
s55,20,114
s55,21,117
s55,22,118
s55,23,52
s55,24,133
s55,25,5
s55,26,143
s55,27,49
s55,28,165
s55,29,191
s55,30,245
s55,31,11
s55,32,15
s55,33,252
s55,34,253
s55,35,30
s55,36,33
s56,1,4
s56,2,10
s56,3,16
s56,4,8
s56,5,1
s56,6,9
s56,7,24
s56,8,25
s56,9,32
s56,10,17
s56,11,20
s56,12,18
s56,13,37
s56,14,59
s56,15,69
s56,16,22
s56,17,23
s56,18,26
s56,19,56
s56,20,27
s56,21,75
s56,22,41
s56,23,15
s56,24,21
s56,25,35
s56,26,48
s56,27,43
s56,28,70
s56,29,53
s56,30,33
s56,31,110
s56,32,29
s56,33,114
s56,34,117
s56,35,30
s56,36,118
s56,37,72
s56,38,132
s56,39,71
s56,40,133
s56,41,139
s56,42,6
s56,43,31
s56,44,143
s56,45,144
s56,46,173
s56,47,39
s56,48,184
s56,49,191
s56,50,212
s56,51,245
s56,52,12
s56,53,60
s56,54,65
s56,55,252
s56,56,50
s56,57,54
s56,58,253
s56,59,261
s57,1,1
s57,2,9
s57,3,56
s57,4,8
s57,5,10
s57,6,47
s57,7,18
s57,8,23
s57,9,27
s57,10,28
s57,11,32
s57,12,54
s57,13,35
s57,14,36
s57,15,73
s57,16,20
s57,17,110
s57,18,5
s57,19,111
s57,20,50
s57,21,117
s57,22,48
s57,23,139
s57,24,45
s57,25,144
s57,26,199
s57,27,245
s57,28,6
s57,29,12
s57,30,22
s57,31,29
s57,32,253
s57,33,16
s57,34,262
s58,1,1
s58,2,11
s58,3,20
s58,4,8
s58,5,3
s58,6,10
s58,7,6
s58,8,55
s58,9,17
s58,10,18
s58,11,64
s58,12,23
s58,13,27
s58,14,24
s58,15,28
s58,16,41
s58,17,35
s58,18,36
s58,19,110
s58,20,117
s58,21,118
s58,22,139
s58,23,143
s58,24,144
s58,25,61
s58,26,199
s58,27,245
s58,28,15
s58,29,32
s58,30,253
s58,31,262
s58,32,40
s59,1,4
s59,2,48
s59,3,51
s59,4,8
s59,5,22
s59,6,30
s59,7,37
s59,8,9
s59,9,60
s59,10,13
s59,11,15
s59,12,55
s59,13,17
s59,14,2
s59,15,18
s59,16,69
s59,17,6
s59,18,39
s59,19,47
s59,20,23
s59,21,40
s59,22,46
s59,23,26
s59,24,1
s59,25,27
s59,26,65
s59,27,114
s59,28,19
s59,29,34
s59,30,117
s59,31,118
s59,32,54
s59,33,132
s59,34,35
s59,35,141
s59,36,50
s59,37,144
s59,38,153
s59,39,43
s59,40,172
s59,41,52
s59,42,181
s59,43,245
s59,44,5
s59,45,10
s59,46,246
s59,47,62
s59,48,253
s59,49,21
s60,1,1
s60,2,42
s60,3,44
s60,4,2
s60,5,16
s60,6,5
s60,7,53
s60,8,61
s60,9,8
s60,10,26
s60,11,45
s60,12,9
s60,13,21
s60,14,70
s60,15,13
s60,16,27
s60,17,32
s60,18,17
s60,19,18
s60,20,40
s60,21,71
s60,22,76
s60,23,22
s60,24,51
s60,25,59
s60,26,23
s60,27,25
s60,28,60
s60,29,37
s60,30,41
s60,31,30
s60,32,43
s60,33,114
s60,34,10
s60,35,117
s60,36,118
s60,37,132
s60,38,141
s60,39,33
s60,40,63
s60,41,144
s60,42,68
s60,43,153
s60,44,55
s60,45,172
s60,46,56
s60,47,58
s60,48,181
s60,49,245
s60,50,66
s60,51,246
s60,52,7
s60,53,11
s60,54,253
s60,55,19
s60,56,255
s60,57,38
s61,1,1
s61,2,61
s61,3,69
s61,4,4
s61,5,14
s61,6,43
s61,7,5
s61,8,44
s61,9,52
s61,10,8
s61,11,53
s61,12,9
s61,13,73
s61,14,10
s61,15,60
s61,16,81
s61,17,15
s61,18,54
s61,19,17
s61,20,55
s61,21,18
s61,22,86
s61,23,19
s61,24,76
s61,25,22
s61,26,40
s61,27,68
s61,28,23
s61,29,39
s61,30,26
s61,31,27
s61,32,88
s61,33,41
s61,34,56
s61,35,72
s61,36,74
s61,37,62
s61,38,78
s61,39,79
s61,40,82
s61,41,110
s61,42,117
s61,43,118
s61,44,132
s61,45,71
s61,46,133
s61,47,141
s61,48,37
s61,49,80
s61,50,144
s61,51,42
s61,52,47
s61,53,92
s61,54,172
s61,55,84
s61,56,181
s61,57,214
s61,58,245
s61,59,49
s61,60,59
s61,61,246
s61,62,29
s61,63,96
s61,64,253
s61,65,36
s61,66,271
s62,1,8
s62,2,17
s62,3,19
s62,4,9
s62,5,47
s62,6,52
s62,7,13
s62,8,15
s62,9,46
s62,10,11
s62,11,18
s62,12,1
s62,13,50
s62,14,113
s62,15,132
s62,16,48
s62,17,49
s62,18,133
s62,19,141
s62,20,191
s62,21,245
s62,22,31
s62,23,34
s62,24,41
s62,25,246
s62,26,4
s62,27,14
s62,28,252
s62,29,253
s62,30,24
s62,31,27
s62,32,271
s62,33,36
s62,34,37
s63,1,8
s63,2,32
s63,3,44
s63,4,9
s63,5,76
s63,6,83
s63,7,13
s63,8,20
s63,9,17
s63,10,10
s63,11,18
s63,12,47
s63,13,53
s63,14,113
s63,15,1
s63,16,132
s63,17,79
s63,18,133
s63,19,77
s63,20,143
s63,21,78
s63,22,191
s63,23,245
s63,24,15
s63,25,29
s63,26,31
s63,27,246
s63,28,51
s63,29,58
s63,30,247
s63,31,48
s63,32,252
s63,33,66
s63,34,69
s63,35,253
s63,36,25
s63,37,26
s63,38,256
s63,39,41
s64,1,2
s64,2,14
s64,3,16
s64,4,8
s64,5,24
s64,6,28
s64,7,9
s64,8,18
s64,9,32
s64,10,37
s64,11,15
s64,12,21
s64,13,26
s64,14,17
s64,15,34
s64,16,20
s64,17,44
s64,18,47
s64,19,23
s64,20,12
s64,21,27
s64,22,22
s64,23,52
s64,24,39
s64,25,50
s64,26,41
s64,27,114
s64,28,7
s64,29,117
s64,30,1
s64,31,118
s64,32,141
s64,33,40
s64,34,46
s64,35,245
s64,36,11
s64,37,19
s64,38,48
s64,39,253
s64,40,25
s65,1,8
s65,2,23
s65,3,29
s65,4,9
s65,5,32
s65,6,45
s65,7,11
s65,8,33
s65,9,53
s65,10,17
s65,11,28
s65,12,20
s65,13,31
s65,14,47
s65,15,1
s65,16,12
s65,17,26
s65,18,27
s65,19,16
s65,20,30
s65,21,35
s65,22,36
s65,23,40
s65,24,39
s65,25,48
s65,26,111
s65,27,5
s65,28,114
s65,29,117
s65,30,24
s65,31,118
s65,32,132
s65,33,46
s65,34,141
s65,35,143
s65,36,18
s65,37,21
s65,38,144
s65,39,13
s65,40,15
s65,41,209
s65,42,245
s65,43,10
s65,44,253
s66,1,8
s66,2,41
s66,3,53
s66,4,11
s66,5,67
s66,6,81
s66,7,17
s66,8,62
s66,9,19
s66,10,20
s66,11,26
s66,12,48
s66,13,36
s66,14,75
s66,15,32
s66,16,114
s66,17,15
s66,18,117
s66,19,10
s66,20,118
s66,21,132
s66,22,76
s66,23,78
s66,24,143
s66,25,1
s66,26,31
s66,27,144
s66,28,52
s66,29,57
s66,30,153
s66,31,25
s66,32,38
s66,33,172
s66,34,39
s66,35,60
s66,36,181
s66,37,191
s66,38,245
s66,39,18
s66,40,65
s66,41,72
s66,42,247
s66,43,21
s66,44,30
s66,45,252
s66,46,44
s66,47,253
s66,48,49
s67,1,1
s67,2,50
s67,3,58
s67,4,2
s67,5,12
s67,6,21
s67,7,8
s67,8,22
s67,9,41
s67,10,9
s67,11,64
s67,12,11
s67,13,56
s67,14,18
s67,15,19
s67,16,60
s67,17,27
s67,18,47
s67,19,28
s67,20,53
s67,21,23
s67,22,113
s67,23,118
s67,24,61
s67,25,132
s67,26,141
s67,27,17
s67,28,31
s67,29,51
s67,30,143
s67,31,144
s67,32,59
s67,33,172
s67,34,181
s67,35,25
s67,36,44
s67,37,191
s67,38,245
s67,39,7
s67,40,10
s67,41,49
s67,42,247
s67,43,14
s67,44,266
s67,45,33
s68,1,8
s68,2,15
s68,3,18
s68,4,9
s68,5,58
s68,6,66
s68,7,10
s68,8,5
s68,9,17
s68,10,1
s68,11,68
s68,12,22
s68,13,60
s68,14,27
s68,15,67
s68,16,28
s68,17,32
s68,18,35
s68,19,23
s68,20,36
s68,21,63
s68,22,72
s68,23,34
s68,24,78
s68,25,31
s68,26,110
s68,27,14
s68,28,117
s68,29,118
s68,30,139
s68,31,57
s68,32,141
s68,33,143
s68,34,199
s68,35,245
s68,36,19
s68,37,44
s68,38,253
s68,39,26
s68,40,262
s68,41,49
s69,1,2
s69,2,18
s69,3,70
s69,4,8
s69,5,1
s69,6,9
s69,7,75
s69,8,11
s69,9,15
s69,10,25
s69,11,47
s69,12,71
s69,13,17
s69,14,4
s69,15,46
s69,16,53
s69,17,48
s69,18,26
s69,19,52
s69,20,20
s69,21,113
s69,22,5
s69,23,117
s69,24,118
s69,25,132
s69,26,49
s69,27,50
s69,28,73
s69,29,133
s69,30,143
s69,31,51
s69,32,144
s69,33,146
s69,34,153
s69,35,27
s69,36,42
s69,37,184
s69,38,69
s69,39,191
s69,40,195
s69,41,245
s69,42,246
s69,43,250
s69,44,56
s69,45,67
s69,46,266
s69,47,31
s69,48,40
s69,49,295
s70,1,4
s70,2,22
s70,3,56
s70,4,8
s70,5,1
s70,6,9
s70,7,68
s70,8,11
s70,9,36
s70,10,53
s70,11,17
s70,12,14
s70,13,18
s70,14,46
s70,15,40
s70,16,65
s70,17,113
s70,18,117
s70,19,118
s70,20,132
s70,21,38
s70,22,67
s70,23,135
s70,24,37
s70,25,41
s70,26,143
s70,27,66
s70,28,195
s70,29,245
s70,30,253
s70,31,31
s70,32,257
s70,33,44
s70,34,48
s70,35,258
s70,36,23
s70,37,27
s70,38,262
s70,39,59
s70,40,62
s71,1,2
s71,2,50
s71,3,56
s71,4,4
s71,5,38
s71,6,49
s71,7,8
s71,8,34
s71,9,9
s71,10,58
s71,11,11
s71,12,17
s71,13,18
s71,14,61
s71,15,23
s71,16,26
s71,17,1
s71,18,27
s71,19,35
s71,20,28
s71,21,39
s71,22,33
s71,23,44
s71,24,12
s71,25,46
s71,26,37
s71,27,55
s71,28,53
s71,29,110
s71,30,113
s71,31,57
s71,32,114
s71,33,117
s71,34,10
s71,35,29
s71,36,118
s71,37,132
s71,38,60
s71,39,133
s71,40,3
s71,41,41
s71,42,139
s71,43,21
s71,44,141
s71,45,143
s71,46,19
s71,47,30
s71,48,32
s71,49,195
s71,50,214
s71,51,245
s71,52,253
s71,53,25
s71,54,257
s71,55,259
s71,56,20
s71,57,262
s71,58,54
s72,1,4
s72,2,44
s72,3,60
s72,4,8
s72,5,39
s72,6,9
s72,7,75
s72,8,11
s72,9,43
s72,10,15
s72,11,13
s72,12,23
s72,13,17
s72,14,40
s72,15,18
s72,16,28
s72,17,64
s72,18,22
s72,19,26
s72,20,1
s72,21,31
s72,22,16
s72,23,29
s72,24,35
s72,25,36
s72,26,41
s72,27,33
s72,28,46
s72,29,71
s72,30,53
s72,31,67
s72,32,19
s72,33,55
s72,34,78
s72,35,7
s72,36,79
s72,37,66
s72,38,113
s72,39,114
s72,40,37
s72,41,117
s72,42,27
s72,43,38
s72,44,118
s72,45,132
s72,46,72
s72,47,73
s72,48,133
s72,49,141
s72,50,21
s72,51,143
s72,52,6
s72,53,144
s72,54,195
s72,55,245
s72,56,5
s72,57,10
s72,58,253
s72,59,257
s72,60,50
s72,61,262
s72,62,65
s72,63,263
s72,64,25
s73,1,13
s73,2,31
s73,3,71
s73,4,15
s73,5,1
s73,6,11
s73,7,17
s73,8,22
s73,9,18
s73,10,16
s73,11,86
s73,12,27
s73,13,78
s73,14,67
s73,15,76
s73,16,35
s73,17,56
s73,18,36
s73,19,81
s73,20,114
s73,21,91
s73,22,117
s73,23,21
s73,24,132
s73,25,14
s73,26,141
s73,27,19
s73,28,72
s73,29,143
s73,30,144
s73,31,245
s73,32,25
s73,33,26
s73,34,74
s73,35,246
s73,36,51
s73,37,61
s73,38,253
s73,39,30
s73,40,33
s73,41,255
s74,1,13
s74,2,17
s74,3,37
s74,4,10
s74,5,18
s74,6,47
s74,7,22
s74,8,14
s74,9,30
s74,10,23
s74,11,6
s74,12,26
s74,13,1
s74,14,11
s74,15,27
s74,16,50
s74,17,31
s74,18,33
s74,19,43
s74,20,35
s74,21,29
s74,22,36
s74,23,49
s74,24,114
s74,25,141
s74,26,41
s74,27,245
s74,28,25
s74,29,246
s74,30,5
s74,31,253
s75,1,8
s75,2,14
s75,3,19
s75,4,44
s75,5,54
s75,6,9
s75,7,23
s75,8,29
s75,9,13
s75,10,15
s75,11,53
s75,12,55
s75,13,17
s75,14,49
s75,15,18
s75,16,37
s75,17,60
s75,18,20
s75,19,36
s75,20,38
s75,21,6
s75,22,25
s75,23,26
s75,24,1
s75,25,27
s75,26,46
s75,27,31
s75,28,12
s75,29,35
s75,30,10
s75,31,82
s75,32,83
s75,33,42
s75,34,113
s75,35,65
s75,36,115
s75,37,28
s75,38,117
s75,39,133
s75,40,33
s75,41,143
s75,42,11
s75,43,144
s75,44,45
s75,45,145
s75,46,21
s75,47,149
s75,48,150
s75,49,165
s75,50,22
s75,51,170
s75,52,184
s75,53,237
s75,54,243
s75,55,244
s75,56,39
s75,57,245
s75,58,43
s75,59,52
s75,60,59
s75,61,246
s75,62,253
s75,63,263
s76,1,1
s76,2,12
s76,3,54
s76,4,11
s76,5,10
s76,6,51
s76,7,17
s76,8,6
s76,9,18
s76,10,41
s76,11,7
s76,12,22
s76,13,44
s76,14,2
s76,15,110
s76,16,50
s76,17,118
s76,18,139
s76,19,48
s76,20,144
s76,21,199
s76,22,245
s76,23,27
s76,24,29
s76,25,37
s76,26,246
s76,27,253
s76,28,19
s76,29,259
s76,30,15
s76,31,16
s77,1,1
s77,2,55
s77,3,9
s77,4,62
s77,5,11
s77,6,17
s77,7,12
s77,8,18
s77,9,23
s77,10,8
s77,11,53
s77,12,26
s77,13,27
s77,14,61
s77,15,28
s77,16,44
s77,17,35
s77,18,36
s77,19,41
s77,20,10
s77,21,110
s77,22,57
s77,23,117
s77,24,118
s77,25,60
s77,26,132
s77,27,4
s77,28,6
s77,29,56
s77,30,58
s77,31,139
s77,32,141
s77,33,3
s77,34,143
s77,35,7
s77,36,144
s77,37,199
s77,38,245
s77,39,40
s77,40,46
s77,41,246
s77,42,33
s77,43,253
s77,44,21
s77,45,262
s77,46,52
s77,47,267
s77,48,13
s78,1,4
s78,2,14
s78,3,79
s78,4,8
s78,5,1
s78,6,9
s78,7,88
s78,8,10
s78,9,43
s78,10,77
s78,11,11
s78,12,37
s78,13,17
s78,14,38
s78,15,18
s78,16,84
s78,17,22
s78,18,35
s78,19,78
s78,20,23
s78,21,34
s78,22,27
s78,23,89
s78,24,46
s78,25,44
s78,26,65
s78,27,47
s78,28,67
s78,29,80
s78,30,53
s78,31,36
s78,32,113
s78,33,132
s78,34,83
s78,35,133
s78,36,69
s78,37,141
s78,38,42
s78,39,144
s78,40,195
s78,41,245
s78,42,16
s78,43,55
s78,44,62
s78,45,253
s78,46,39
s78,47,255
s78,48,68
s78,49,257
s78,50,45
s78,51,50
s78,52,262
s78,53,85
s79,1,2
s79,2,21
s79,3,33
s79,4,4
s79,5,34
s79,6,59
s79,7,8
s79,8,1
s79,9,9
s79,10,65
s79,11,10
s79,12,32
s79,13,69
s79,14,17
s79,15,12
s79,16,18
s79,17,80
s79,18,22
s79,19,45
s79,20,67
s79,21,23
s79,22,44
s79,23,68
s79,24,77
s79,25,27
s79,26,46
s79,27,35
s79,28,58
s79,29,47
s79,30,72
s79,31,53
s79,32,113
s79,33,132
s79,34,133
s79,35,15
s79,36,48
s79,37,63
s79,38,143
s79,39,16
s79,40,195
s79,41,76
s79,42,245
s79,43,56
s79,44,253
s79,45,255
s79,46,61
s79,47,71
s79,48,257
s79,49,40
s79,50,262
s80,1,1
s80,2,34
s80,3,72
s80,4,8
s80,5,10
s80,6,16
s80,7,9
s80,8,78
s80,9,32
s80,10,11
s80,11,4
s80,12,23
s80,13,17
s80,14,2
s80,15,24
s80,16,18
s80,17,82
s80,18,71
s80,19,26
s80,20,27
s80,21,28
s80,22,55
s80,23,35
s80,24,49
s80,25,36
s80,26,80
s80,27,41
s80,28,21
s80,29,110
s80,30,12
s80,31,76
s80,32,117
s80,33,118
s80,34,139
s80,35,70
s80,36,143
s80,37,144
s80,38,77
s80,39,199
s80,40,74
s80,41,245
s80,42,46
s80,43,249
s80,44,37
s80,45,253
s80,46,262
s80,47,61
s81,1,2
s81,2,10
s81,3,24
s81,4,53
s81,5,63
s81,6,4
s81,7,25
s81,8,29
s81,9,8
s81,10,1
s81,11,44
s81,12,9
s81,13,34
s81,14,71
s81,15,39
s81,16,68
s81,17,11
s81,18,35
s81,19,17
s81,20,36
s81,21,18
s81,22,77
s81,23,22
s81,24,33
s81,25,41
s81,26,23
s81,27,32
s81,28,45
s81,29,69
s81,30,26
s81,31,42
s81,32,27
s81,33,28
s81,34,46
s81,35,50
s81,36,70
s81,37,73
s81,38,38
s81,39,78
s81,40,47
s81,41,79
s81,42,113
s81,43,7
s81,44,115
s81,45,48
s81,46,117
s81,47,118
s81,48,132
s81,49,72
s81,50,133
s81,51,37
s81,52,143
s81,53,20
s81,54,144
s81,55,195
s81,56,245
s81,57,19
s81,58,58
s81,59,67
s81,60,253
s81,61,43
s81,62,257
s81,63,54
s81,64,259
s82,1,2
s82,2,12
s82,3,29
s82,4,8
s82,5,1
s82,6,9
s82,7,39
s82,8,10
s82,9,76
s82,10,130
s82,11,11
s82,12,20
s82,13,41
s82,14,57
s82,15,75
s82,16,17
s82,17,50
s82,18,18
s82,19,47
s82,20,142
s82,21,23
s82,22,24
s82,23,106
s82,24,131
s82,25,26
s82,26,78
s82,27,27
s82,28,35
s82,29,150
s82,30,37
s82,31,13
s82,32,54
s82,33,59
s82,34,102
s82,35,53
s82,36,97
s82,37,110
s82,38,114
s82,39,117
s82,40,36
s82,41,118
s82,42,33
s82,43,132
s82,44,80
s82,45,81
s82,46,90
s82,47,92
s82,48,153
s82,49,28
s82,50,31
s82,51,182
s82,52,98
s82,53,184
s82,54,73
s82,55,189
s82,56,191
s82,57,99
s82,58,134
s82,59,209
s82,60,245
s82,61,25
s82,62,30
s82,63,56
s82,64,61
s82,65,247
s82,66,74
s82,67,248
s82,68,16
s82,69,253
s82,70,49
s82,71,116
s82,72,261
s82,73,67
s82,74,68
s82,75,266
s82,76,103
s82,77,107
s83,1,2
s83,2,21
s83,3,70
s83,4,8
s83,5,1
s83,6,9
s83,7,74
s83,8,10
s83,9,69
s83,10,137
s83,11,11
s83,12,63
s83,13,68
s83,14,15
s83,15,30
s83,16,31
s83,17,17
s83,18,26
s83,19,51
s83,20,18
s83,21,35
s83,22,157
s83,23,22
s83,24,58
s83,25,23
s83,26,57
s83,27,27
s83,28,86
s83,29,39
s83,30,89
s83,31,44
s83,32,82
s83,33,46
s83,34,64
s83,35,78
s83,36,47
s83,37,32
s83,38,59
s83,39,110
s83,40,87
s83,41,114
s83,42,77
s83,43,94
s83,44,117
s83,45,38
s83,46,88
s83,47,132
s83,48,3
s83,49,81
s83,50,136
s83,51,133
s83,52,4
s83,53,139
s83,54,84
s83,55,141
s83,56,138
s83,57,143
s83,58,165
s83,59,173
s83,60,92
s83,61,120
s83,62,184
s83,63,191
s83,64,245
s83,65,29
s83,66,125
s83,67,247
s83,68,36
s83,69,93
s83,70,253
s83,71,100
s83,72,103
s83,73,116
s83,74,261
s83,75,266
s84,1,2
s84,2,29
s84,3,31
s84,4,66
s84,5,95
s84,6,8
s84,7,12
s84,8,22
s84,9,24
s84,10,32
s84,11,39
s84,12,54
s84,13,9
s84,14,40
s84,15,44
s84,16,106
s84,17,10
s84,18,47
s84,19,103
s84,20,17
s84,21,18
s84,22,112
s84,23,11
s84,24,23
s84,25,1
s84,26,4
s84,27,26
s84,28,5
s84,29,27
s84,30,37
s84,31,41
s84,32,28
s84,33,46
s84,34,69
s84,35,55
s84,36,68
s84,37,110
s84,38,113
s84,39,25
s84,40,120
s84,41,117
s84,42,132
s84,43,20
s84,44,105
s84,45,108
s84,46,133
s84,47,104
s84,48,146
s84,49,90
s84,50,165
s84,51,30
s84,52,38
s84,53,88
s84,54,184
s84,55,33
s84,56,189
s84,57,191
s84,58,209
s84,59,14
s84,60,245
s84,61,91
s84,62,247
s84,63,65
s84,64,67
s84,65,253
s84,66,56
s84,67,266
s84,68,78
s84,69,84
s85,1,1
s85,2,52
s85,3,56
s85,4,2
s85,5,76
s85,6,96
s85,7,8
s85,8,44
s85,9,65
s85,10,9
s85,11,60
s85,12,114
s85,13,19
s85,14,89
s85,15,113
s85,16,22
s85,17,16
s85,18,62
s85,19,26
s85,20,63
s85,21,27
s85,22,127
s85,23,39
s85,24,47
s85,25,53
s85,26,59
s85,27,74
s85,28,78
s85,29,79
s85,30,84
s85,31,48
s85,32,117
s85,33,42
s85,34,132
s85,35,17
s85,36,21
s85,37,133
s85,38,141
s85,39,15
s85,40,58
s85,41,143
s85,42,144
s85,43,146
s85,44,77
s85,45,97
s85,46,149
s85,47,61
s85,48,173
s85,49,191
s85,50,245
s85,51,51
s85,52,102
s85,53,246
s85,54,34
s85,55,252
s85,56,85
s85,57,253
s85,58,28
s85,59,32
s85,60,90
s85,61,91
s85,62,271
s85,63,43
s85,64,94
s85,65,95
s86,1,1
s86,2,27
s86,3,32
s86,4,2
s86,5,17
s86,6,19
s86,7,41
s86,8,45
s86,9,8
s86,10,12
s86,11,20
s86,12,33
s86,13,46
s86,14,55
s86,15,9
s86,16,57
s86,17,62
s86,18,11
s86,19,47
s86,20,58
s86,21,15
s86,22,10
s86,23,4
s86,24,42
s86,25,18
s86,26,63
s86,27,22
s86,28,14
s86,29,23
s86,30,53
s86,31,26
s86,32,35
s86,33,61
s86,34,111
s86,35,5
s86,36,44
s86,37,117
s86,38,118
s86,39,60
s86,40,132
s86,41,59
s86,42,141
s86,43,21
s86,44,144
s86,45,48
s86,46,51
s86,47,245
s86,48,28
s86,49,54
s86,50,253
s86,51,261
s86,52,38
s87,1,13
s87,2,28
s87,3,88
s87,4,15
s87,5,24
s87,6,17
s87,7,3
s87,8,25
s87,9,18
s87,10,100
s87,11,23
s87,12,9
s87,13,86
s87,14,26
s87,15,1
s87,16,27
s87,17,102
s87,18,39
s87,19,19
s87,20,91
s87,21,73
s87,22,72
s87,23,90
s87,24,78
s87,25,57
s87,26,79
s87,27,94
s87,28,245
s87,29,40
s87,30,41
s87,31,56
s87,32,70
s87,33,84
s87,34,246
s87,35,253
s87,36,261
s87,37,76
s87,38,77
s87,39,271
s87,40,47
s87,41,48
s88,1,2
s88,2,8
s88,3,12
s88,4,1
s88,5,26
s88,6,30
s88,7,9
s88,8,21
s88,9,36
s88,10,39
s88,11,10
s88,12,32
s88,13,13
s88,14,56
s88,15,60
s88,16,17
s88,17,23
s88,18,50
s88,19,18
s88,20,46
s88,21,68
s88,22,20
s88,23,14
s88,24,24
s88,25,57
s88,26,59
s88,27,15
s88,28,37
s88,29,27
s88,30,28
s88,31,58
s88,32,61
s88,33,35
s88,34,53
s88,35,66
s88,36,67
s88,37,38
s88,38,65
s88,39,78
s88,40,49
s88,41,79
s88,42,41
s88,43,75
s88,44,114
s88,45,132
s88,46,69
s88,47,70
s88,48,141
s88,49,16
s88,50,143
s88,51,144
s88,52,76
s88,53,245
s88,54,55
s88,55,246
s88,56,5
s88,57,253
s88,58,19
s88,59,261
s88,60,45
s88,61,47
s88,62,262
s89,1,8
s89,2,17
s89,3,23
s89,4,9
s89,5,24
s89,6,35
s89,7,11
s89,8,33
s89,9,68
s89,10,85
s89,11,99
s89,12,80
s89,13,18
s89,14,75
s89,15,108
s89,16,19
s89,17,60
s89,18,67
s89,19,92
s89,20,20
s89,21,37
s89,22,59
s89,23,26
s89,24,79
s89,25,27
s89,26,76
s89,27,39
s89,28,16
s89,29,50
s89,30,64
s89,31,74
s89,32,78
s89,33,62
s89,34,110
s89,35,52
s89,36,56
s89,37,113
s89,38,13
s89,39,44
s89,40,114
s89,41,72
s89,42,109
s89,43,117
s89,44,45
s89,45,57
s89,46,132
s89,47,15
s89,48,47
s89,49,133
s89,50,21
s89,51,30
s89,52,141
s89,53,58
s89,54,143
s89,55,144
s89,56,34
s89,57,71
s89,58,245
s89,59,14
s89,60,38
s89,61,88
s89,62,96
s89,63,253
s89,64,32
s89,65,65
s89,66,73
s89,67,255
s89,68,55
s90,1,4
s90,2,1
s90,3,16
s90,4,8
s90,5,17
s90,6,33
s90,7,9
s90,8,63
s90,9,70
s90,10,15
s90,11,80
s90,12,83
s90,13,74
s90,14,18
s90,15,91
s90,16,22
s90,17,28
s90,18,77
s90,19,81
s90,20,23
s90,21,68
s90,22,72
s90,23,26
s90,24,64
s90,25,73
s90,26,27
s90,27,41
s90,28,44
s90,29,67
s90,30,37
s90,31,78
s90,32,79
s90,33,110
s90,34,61
s90,35,117
s90,36,118
s90,37,127
s90,38,132
s90,39,65
s90,40,139
s90,41,140
s90,42,19
s90,43,141
s90,44,10
s90,45,143
s90,46,11
s90,47,62
s90,48,144
s90,49,69
s90,50,219
s90,51,245
s90,52,14
s90,53,57
s90,54,102
s90,55,253
s90,56,25
s90,57,30
s90,58,85
s90,59,90
s90,60,94
s90,61,259
s90,62,71
s91,1,1
s91,2,36
s91,3,37
s91,4,2
s91,5,20
s91,6,26
s91,7,4
s91,8,81
s91,9,94
s91,10,8
s91,11,13
s91,12,27
s91,13,75
s91,14,9
s91,15,44
s91,16,116
s91,17,10
s91,18,80
s91,19,108
s91,20,11
s91,21,58
s91,22,78
s91,23,15
s91,24,34
s91,25,17
s91,26,28
s91,27,38
s91,28,79
s91,29,18
s91,30,120
s91,31,19
s91,32,74
s91,33,109
s91,34,52
s91,35,72
s91,36,23
s91,37,29
s91,38,47
s91,39,73
s91,40,39
s91,41,22
s91,42,77
s91,43,70
s91,44,92
s91,45,107
s91,46,76
s91,47,119
s91,48,111
s91,49,71
s91,50,113
s91,51,32
s91,52,65
s91,53,114
s91,54,124
s91,55,117
s91,56,66
s91,57,126
s91,58,141
s91,59,25
s91,60,46
s91,61,143
s91,62,144
s91,63,84
s91,64,245
s91,65,59
s91,66,63
s91,67,101
s91,68,253
s91,69,40
s91,70,85
s91,71,255
s92,1,1
s92,2,61
s92,3,77
s92,4,2
s92,5,6
s92,6,33
s92,7,8
s92,8,56
s92,9,9
s92,10,39
s92,11,19
s92,12,46
s92,13,65
s92,14,20
s92,15,28
s92,16,45
s92,17,26
s92,18,27
s92,19,75
s92,20,48
s92,21,35
s92,22,67
s92,23,53
s92,24,111
s92,25,10
s92,26,23
s92,27,114
s92,28,117
s92,29,24
s92,30,132
s92,31,69
s92,32,133
s92,33,41
s92,34,143
s92,35,144
s92,36,50
s92,37,191
s92,38,245
s92,39,52
s92,40,60
s92,41,246
s92,42,12
s92,43,252
s92,44,37
s92,45,253
s92,46,42
s92,47,47
s92,48,258
s92,49,32
s93,1,4
s93,2,9
s93,3,20
s93,4,49
s93,5,61
s93,6,8
s93,7,1
s93,8,44
s93,9,28
s93,10,72
s93,11,22
s93,12,55
s93,13,70
s93,14,23
s93,15,11
s93,16,19
s93,17,26
s93,18,27
s93,19,77
s93,20,46
s93,21,68
s93,22,48
s93,23,29
s93,24,53
s93,25,113
s93,26,132
s93,27,43
s93,28,47
s93,29,133
s93,30,42
s93,31,67
s93,32,144
s93,33,76
s93,34,191
s93,35,195
s93,36,245
s93,37,41
s93,38,246
s93,39,16
s93,40,21
s93,41,250
s93,42,52
s93,43,252
s93,44,30
s93,45,31
s93,46,253
s93,47,33
s93,48,37
s93,49,258
s93,50,25
s94,1,23
s94,2,13
s94,3,28
s94,4,26
s94,5,9
s94,6,27
s94,7,35
s94,8,5
s94,9,7
s94,10,36
s94,11,18
s94,12,25
s94,13,39
s94,14,2
s94,15,33
s94,16,112
s94,17,114
s94,18,22
s94,19,117
s94,20,1
s94,21,19
s94,22,118
s94,23,32
s94,24,132
s94,25,34
s94,26,133
s94,27,6
s94,28,16
s94,29,143
s94,30,144
s94,31,145
s94,32,8
s94,33,149
s94,34,150
s94,35,20
s94,36,162
s94,37,14
s94,38,184
s94,39,189
s94,40,190
s94,41,245
s94,42,4
s94,43,30
s94,44,248
s94,45,253
s94,46,11
s94,47,283
s94,48,309
s94,49,12
s94,50,310
s95,1,33
s95,2,15
s95,3,23
s95,4,35
s95,5,10
s95,6,48
s95,7,16
s95,8,55
s95,9,53
s95,10,7
s95,11,112
s95,12,22
s95,13,113
s95,14,1
s95,15,117
s95,16,133
s95,17,29
s95,18,136
s95,19,14
s95,20,19
s95,21,141
s95,22,36
s95,23,143
s95,24,20
s95,25,30
s95,26,147
s95,27,153
s95,28,44
s95,29,46
s95,30,167
s95,31,184
s95,32,189
s95,33,13
s95,34,245
s95,35,9
s95,36,11
s95,37,39
s95,38,40
s95,39,247
s95,40,45
s95,41,248
s95,42,27
s95,43,252
s95,44,18
s95,45,21
s95,46,253
s95,47,24
s95,48,26
s95,49,283
s95,50,309
s95,51,47
s96,1,23
s96,2,33
s96,3,35
s96,4,26
s96,5,29
s96,6,27
s96,7,43
s96,8,48
s96,9,18
s96,10,64
s96,11,53
s96,12,7
s96,13,113
s96,14,1
s96,15,133
s96,16,13
s96,17,50
s96,18,136
s96,19,54
s96,20,143
s96,21,10
s96,22,51
s96,23,147
s96,24,15
s96,25,149
s96,26,9
s96,27,167
s96,28,46
s96,29,245
s96,30,42
s96,31,246
s96,32,5
s96,33,11
s96,34,247
s96,35,45
s96,36,248
s96,37,253
s96,38,269
s96,39,24
s97,1,11
s97,2,16
s97,3,51
s97,4,17
s97,5,10
s97,6,20
s97,7,9
s97,8,14
s97,9,26
s97,10,1
s97,11,27
s97,12,18
s97,13,39
s97,14,110
s97,15,6
s97,16,114
s97,17,13
s97,18,46
s97,19,117
s97,20,118
s97,21,124
s97,22,21
s97,23,50
s97,24,136
s97,25,139
s97,26,4
s97,27,7
s97,28,141
s97,29,52
s97,30,143
s97,31,8
s97,32,49
s97,33,144
s97,34,24
s97,35,209
s97,36,245
s97,37,35
s97,38,37
s97,39,253
s97,40,255
s97,41,40
s97,42,43
s97,43,259
s97,44,12
s97,45,264
s97,46,31
s97,47,32
s98,1,15
s98,2,8
s98,3,64
s98,4,17
s98,5,1
s98,6,18
s98,7,73
s98,8,20
s98,9,23
s98,10,26
s98,11,13
s98,12,27
s98,13,28
s98,14,33
s98,15,40
s98,16,79
s98,17,35
s98,18,12
s98,19,41
s98,20,2
s98,21,9
s98,22,110
s98,23,14
s98,24,117
s98,25,118
s98,26,132
s98,27,65
s98,28,66
s98,29,139
s98,30,5
s98,31,62
s98,32,143
s98,33,63
s98,34,144
s98,35,70
s98,36,149
s98,37,22
s98,38,199
s98,39,16
s98,40,245
s98,41,42
s98,42,43
s98,43,253
s98,44,32
s98,45,34
s98,46,255
s98,47,45
s98,48,46
s98,49,259
s98,50,29
s98,51,262
s98,52,51
s98,53,264
s98,54,37
s98,55,38
s98,56,280
s99,1,10
s99,2,40
s99,3,53
s99,4,11
s99,5,4
s99,6,19
s99,7,15
s99,8,32
s99,9,39
s99,10,17
s99,11,1
s99,12,20
s99,13,22
s99,14,6
s99,15,14
s99,16,23
s99,17,26
s99,18,36
s99,19,27
s99,20,49
s99,21,72
s99,22,33
s99,23,47
s99,24,78
s99,25,30
s99,26,79
s99,27,52
s99,28,112
s99,29,31
s99,30,113
s99,31,120
s99,32,132
s99,33,133
s99,34,29
s99,35,45
s99,36,136
s99,37,12
s99,38,143
s99,39,46
s99,40,149
s99,41,150
s99,42,167
s99,43,245
s99,44,13
s99,45,41
s99,46,253
s99,47,25
s99,48,255
s99,49,259
s99,50,18
s99,51,21
s99,52,264
s99,53,34
s99,54,283
s99,55,309
s99,56,310
s100,1,10
s100,2,40
s100,3,65
s100,4,15
s100,5,1
s100,6,34
s100,7,17
s100,8,35
s100,9,18
s100,10,72
s100,11,20
s100,12,25
s100,13,26
s100,14,14
s100,15,27
s100,16,31
s100,17,33
s100,18,19
s100,19,39
s100,20,51
s100,21,9
s100,22,110
s100,23,22
s100,24,117
s100,25,6
s100,26,118
s100,27,120
s100,28,132
s100,29,66
s100,30,67
s100,31,139
s100,32,63
s100,33,141
s100,34,143
s100,35,64
s100,36,147
s100,37,13
s100,38,149
s100,39,4
s100,40,199
s100,41,45
s100,42,210
s100,43,44
s100,44,245
s100,45,24
s100,46,41
s100,47,253
s100,48,30
s100,49,259
s100,50,46
s100,51,47
s100,52,262
s100,53,54
s100,54,264
s100,55,280
s100,56,38
s100,57,50
s100,58,285
s100,59,49
s100,60,309
